doc_id,hgv_id,tm_id,ddb_hybrid,filename,title,summary,date_text,date_year_approx,provenance,language,genre,transcription_text,translation_text,has_translation
berenike.apis.1,70778,70778,o.berenike;1;1,berenike.apis.1,Order from Sosibios to Andouros,Remains of a customs pass for wine exportation.,33 - 70 A.D.?,51.0,Roman dump at Berenike.,grc,Ostraca; Order; Customs; Wine; Export,,"""Sosibios to Andouros, greetings. Let pass for A-- 6 italika of wine.""",True
berenike.apis.10,70787,70787,o.berenike;1;10,berenike.apis.10,Order from Sosibios to Andouros,Remains of a customs pass for wine exportation.,33 - 70 A.D.?,51.0,Roman dump at Berenike.,grc,Ostraca; Order; Customs; Wine; Export,,"""Sosibios to Andouros, greetings. Let pass for NN - italika of wine.""",True
berenike.apis.100,70877,70877,o.berenike;1;100,berenike.apis.100,Document,Remains of a document of an uncertain character.,33 - 70 A.D.?,51.0,Roman dump at Berenike.,grc,Ostraca; Document,,,False
berenike.apis.101,70878,70878,sb;30;17282,berenike.apis.101,Document,Remains of a document relating to an account.,33 - 70 A.D.?,51.0,Roman dump at Berenike.,grc,Ostraca; Document; Account,,,False
berenike.apis.102,70879,70879,o.berenike;1;102,berenike.apis.102,Receipt,Receipt for the delivery of a load of barley.,"August 6, 33 A.D.",,Roman dump at Berenike.,grc,Ostraca; Receipt; Surety; Barley; Soldier,,"""--tios, lancer, to --, son of Didymous, greetings. I have received from you 6 artabas of barley, total 6 art., which Gaius Iulius --, soldier, became surety for. Year 19 of Tiberius Caesar Augustus, Mesore 13.""",True
berenike.apis.103,70880,70880,o.berenike;1;103,berenike.apis.103,Document,Remains of a document of an uncertain character.,33 - 70 A.D.?,51.0,Roman dump at Berenike.,grc,Ostraca; Document,,,False
berenike.apis.104,70881,70881,o.berenike;1;104,berenike.apis.104,Customs Order,Remains of a customs pass for wine exportation.,33 - 70 A.D.?,51.0,Roman dump at Berenike.,grc,Ostraca; Order; Customs; Wine; Export,,"""NN to NN, greetings. Let pass for Eponychos, son of Paeris, five italika of wine, total 5.""",True
berenike.apis.105,70882,70882,o.berenike;1;105,berenike.apis.105,Receipt for the Quintana Tax,Receipt for the Quintana Tax,"July 4, A.D. 54 - 68",61.0,This document was discovered in a Roman dump at Berenike.,grc,Ostraka; Receipt; Quintana; Quintanensis,,"(1 h.) Germanos, quintanensis, to Panechates son of P[--, greetings.] I have from you the quint(ana) of Pa[uni, 16 (dr.). (Year) --] of Nero the lord, Epeiph 10. (2 h.) I, Germanson, have signed.",True
berenike.apis.106,70883,70883,o.berenike;1;106,berenike.apis.106,Grain Receipt from an Imperial Slave to Psenosiris,"Remains of a receipt for wheat(?), barley and chaff.","September 20, 61 A.D.?",,Roman dump at Berenike.,grc,Ostraca; Receipt; Wheat; Barley; Slave,,"""Zethos, slave to Gratus, slave of Caesar, to Psenosiris, son of Kastor, grandson of Psenthotes, greetings. I have received from you at Berenike, since the transport of the delivery for the month of Sebastos, twenty artabas of wheat (?), likewise ... of barley, four artabas, totals 4 art. of barley, and likewise of chaff one and a half, total 1 1/2 load. Year 8 of Nero the lord, 23rd of the month of August. (2nd Hand) Balance ...""",True
berenike.apis.107,70884,70884,o.berenike;1;107,berenike.apis.107,Letter,Remains of a letter of an uncertain character.,33 - 70 A.D.?,51.0,Roman dump at Berenike.,grc,Ostraca; Letter,,,False
berenike.apis.108,70885,70885,o.berenike;1;108,berenike.apis.108,Greek Ostracon,Remains of a literary or sub-literary text of an uncertain character.  Perhaps an exercise.,33 - 70 A.D.?,51.0,Roman dump at Berenike.,grc,Ostraca; Literary; Subliterary; Exercise,,,False
berenike.apis.109,70886,70886,o.berenike;1;109,berenike.apis.109,Greek Ostracon,A text of an uncertain character.,IV AD?,349.0,Roman dump at Berenike.,grc,Ostraca; Measuring,,,False
berenike.apis.11,70788,70788,o.berenike;1;11,berenike.apis.11,Order,Remains of a customs pass for wine exportation.,33 - 70 A.D.?,51.0,Roman dump at Berenike.,grc,Ostraca; Order; Customs; Wine; Export,,"""Sosibios to Andouros, greetings. Let pass for Andouros, son of Pach( ) 6 italika of wine.""",True
berenike.apis.110,70887,70887,o.berenike;1;110,berenike.apis.110,Tag,Name tag or label from a jar.,IV AD?,349.0,Roman dump at Berenike.,grc,Ostraca; Tag; Name,,"""Apollonios, son of Kales""",True
berenike.apis.111,70888,70888,o.berenike;1;111,berenike.apis.111,Tag,Remains of a name tag or label for a jar.,33 - 70 A.D.?,51.0,Roman dump at Berenike.,grc,Ostraca; Tag; Name,,"""... of Actiacus ...""",True
berenike.apis.112,70889,70889,o.berenike;1;112,berenike.apis.112,Tag,Name tag or label for a jar.,33 - 70 A.D.?,51.0,Roman dump at Berenike.,grc,Ostraca; Tag; Name,,"""Paniskos""",True
berenike.apis.113,70890,70890,o.berenike;1;113,berenike.apis.113,Greek Ostracon,Remains of text of an uncertain character.,33 - 70 A.D.?,51.0,Roman dump at Berenike.,grc,Ostraca; Papyri,,,False
berenike.apis.114,70891,70891,o.berenike;1;114,berenike.apis.114,List,Remains of a list of personal names.,33 - 70 A.D.?,51.0,Roman dump at Berenike.,grc,Ostraca; List; Name,,,False
berenike.apis.115,70892,70892,o.berenike;1;115,berenike.apis.115,Tag,Remains of a name tag or label for a jar.,33 - 70 A.D.?,51.0,Roman dump at Berenike.,grc,Ostraca; Tag; Name,,,False
berenike.apis.116,70893,70893,o.berenike;1;116,berenike.apis.116,Account relating to Wine Export,Remains of an account (?) relating to the wine trade out of Berenike.,33 - 70 A.D.?,51.0,Roman dump at Berenike.,grc,Ostraca; Account; Wine; Export,,,False
berenike.apis.117,70894,70894,o.berenike;1;117,berenike.apis.117,Greek Ostracon,"Remains of a letter, receipt or an order relating to the barley trade.",33 - 70 A.D.?,51.0,Roman dump at Berenike.,grc,Ostraca; Barley,,,False
berenike.apis.118,105710,105710,o.berenike;2;118,berenike.apis.118,Dedication to Zeus,Inscribed dedication to Zeus.,A.D. 54 - 68,61.0,This document was discovered reused in a substantial structure of the fourth or fifth cent. A.D. in the eastern part of the site.,grc,Inscriptions; Dedication; Damnatio; Stone-cutting,,"To Zeus, the very great god, Philotera daughter of Patentais has dedicated (this). [deleted: Year - (?) of Nero Clau]dius Augustus Germanicus Imperator, Pachon 27.",True
berenike.apis.119,105711,105711,o.berenike;2;119,berenike.apis.119,Dedication to Zeus,Inscribed dedication to Zeus.,A.D. 54 - 68,61.0,This document was discovered reused in a substantial structure of the fourth or fifth cent. A.D. in the eastern part of the site.,grc,Inscriptions; Dedication; Damnatio; Stone-cutting,,"To Zeus, the very great god, Philoitera daughter of Patentais has dedicated (this). [Year - (?) of Ner]o Cl[audi]us Augustus Germanicus Im[perator], [Pachon] 2[7].",True
berenike.apis.12,70789,70789,o.berenike;1;12,berenike.apis.12,Order from Sosibios to Andouros,Remains of a customs pass.,33 - 70 A.D.?,51.0,Roman dump at Berenike.,grc,Ostraca; Order; Customs,,"""Sosibios to Andouros, greetings. ... for Pouoris, son of Polites.""",True
berenike.apis.120,105712,105712,o.berenike;2;120,berenike.apis.120,Dedication of Hydreuma at Sikayt by the Prefect,Dedicatory Inscription for a Well,A.D. 76/77,76.0,This inscription was discovered in Sikayt.,la,Inscriptions; Dedication; Wells; Prefect; Fort,,"In the 9th year of Imperator Caesar Augustus Vespasianus, L. Iulius Ursus, prefect of Egypt, returning from Berenike gave instructions for a well to be sought in this place. When it had been found, he ordered a fort and cistern to be constructed, under the direction of M. Trebonius Valens, prefect of the desert region of Berenike.",True
berenike.apis.121,105713,105713,o.berenike;2;121,berenike.apis.121,Dedication by an interpreter,Inscribed dedication to Zeus.,A.D. 113 - 117,115.0,This document was discovered reused in a substantial structure of the fourth or fifth cent. AD in the eastern part of the site.,grc,Inscriptions; Dedication; Prefect; Interpreter; Grammateus,,"On behalf of the fortune of Imperator Caesar Nerva Trajan Augustus Germanicus Dacicus and all his house, to Isis the very great goddess . . . (son of?) Papiris, interpreter and secretary . . . under Marcus Rutilius Lupus, prefect of Egypt.",True
berenike.apis.122,131599,131599,o.berenike;2;122,berenike.apis.122,Dedication?,Dedication?,Ist-IInd cent. A.D.,100.0,This inscription was discovered in as a reused block in a fourth cent. structure.,la,Inscriptions; Dedication; Garrison; Soldiers,,(line 3ff.) . . . prefect of the garrisons and of Berenike . . .,True
berenike.apis.123,89148,89148,o.berenike;2;123,berenike.apis.123,Letter of Recommendation,Remains of a letter of recommendation.,A.D. 50 - 75,62.0,This document was discovered in a Roman dump at Berenike.,la,Papyrus; Letter; Recommendation,,"(lines 8-11) . . . and I ask you that you may keep my brother Longinus in your care, and tell Hermas . . .",True
berenike.apis.124,89149 89150,89149 89150,o.berenike;2;124,berenike.apis.124,Letter?,Remains of a letter and an account.,A.D. 50 - 75,62.0,This document was discovered in a Roman dump at Berenike.,grc,Letter; Account; Drachma,,,False
berenike.apis.125,89151,89151,o.berenike;2;125,berenike.apis.125,Sale of a Donkey,Contract for the sale of a male donkey,"26 July, A.D. 61",61.0,This document was discovered in a Roman dump at Berenike.,grc,Sale; Contract; Donkey; Prices,,"[In Berenike] in the Red Sea, year 7, sacred, of Nero Claudius Caesar Augustus Germanicus Imperator, Mesore 2. Horos son of Komaros, grandson of Germullos to Nektharaus son of Haryothes, greetings. I acknowledge that I have sold to you a white male donkey belonging to me, with a pack-saddle, just as it is, not subject to rejection, and that I have herewith received from you from hand to hand out of your house the price of one hundred and sixty drachmas in Ptolemaic and Imperial silver, total 160 dr. If anyone should summon or proceed against you or your assigns on my behalf or against me or my assigns in any manner concerning the above-mentioned donkey or its price or any part thereof, I myself shall necessarily defeat the plaintiff at my own expense or I shall immediately and without delay pay in full the price that I have received from you and an equal sum to the Treasury, and whatever may have been exacted from you or expenses you may incur. This agreement shall be authoritative and legal concerning the sale wherever it is produced as if it were registered in the public record office. (2nd hand) I, Horos son of Komaros, grandson of Germulos, have sold and have received the price of one hundred sixty drachmas, 160 dr., price of the male donkey belonging to me, as aforesaid. (3rd hand) Year 7, sacred, of Nero Claudius Caesar Augustus Germanicus Imperator, Mesore 2.",True
berenike.apis.126,89152,89152,o.berenike;2;126,berenike.apis.126,Memorandum of Sale,Memorandum of sale.,"17 September, A.D. 61",61.0,"This document was discovered in a first cent. basket, buried in a Roman dump at Berenike.",grc,Memorandum; Sale; Soldier; Notary,,"In Berenike on the Red Sea, year 8 of Nero Claudius Caesar Augustus Germanicus Imperator in the month of Sebastos, 20th. Memorandum of sale. NN, soldier of the Cohors Ituraeorum Equitata, the prefect of which is NN, (of the century?) of Campanus, to Kalleis son of Harpochration, greetings . . . from Berenike to Koptos. You Kalleis, on the other hand, . . . I have put . . . (?) and you yourself . . . signed and notarized . . . according to the - - which I have through the - - which . . . the price . . . if it is loaded . . . until I meet with you . . . notarized I will make clear . . . concerning you Kalleis and . . . below mentioned.",True
berenike.apis.127,89153,89153,o.berenike;2;127,berenike.apis.127,Dating Formulas,Dating formulas,A.D. 62 (September?),,This document was discovered in a Roman dump at Berenike.,grc,Date; Formulas,,(Fragment 1) . . . Sebastos 10 [of the sacred year of Nero] Claudius Caesar Augustus Germanicus Imperator . . . Sebastos 5 [of the sacred year of Nero] Claudius Caesar Augustus Germanicus Imperator . . . [Sabastos N of the sacred year of Nero] Claudius Caesar Augustus Germanicus Imperator . . .,True
berenike.apis.128,89154,89154,o.berenike;2;128,berenike.apis.128,Uncertain Fragment,Uncertain Fragment,A.D. 41 - 68?,54.0,This document was discovered in a Roman dump at Berenike.,,Fragment,,,False
berenike.apis.129,89155,89155,o.berenike;2;129,berenike.apis.129,Letter of Hikane to Isidorus,"Letter from Hikane to her son, Isidoros, harborman",A.D. 50 - 75,62.0,This document was discovered in a Roman dump at Berenike.,grc,Letter; Arabia; Oasis,,"(Recto) [Hikane] to Isidoros [her son, greetings. First of all] I thought it necessary, since the packet boat was putting out to sea, to write . . . me. I am in Berenike. I wrote you a letter [?but did not receive a] letter. Was it for this that I carried you for ten months and nursed you for three years, so that you would be incapable of remembering me by letter? And similarly you dimissed me though the Oasites . . . not I you. But I left your brothers in Arabia . . . so that . . Egypt I might see your face and . . . breath. I only ask and beg and adjure you by the one whom you . . . and by the memory of the one who begot you, to sail away if you are well. I . . . Amarantos. But . . . Arabia, sister has departed and the little one is present . . . I ask and beg you . . . Save your brother. For I have no one . . . your bother . . . with the first winds, but he found some . . . and came to me in Berenike. Epaphras greets you warmly . . . and those who love us. [Year . ., month] 24. (Verso) Deliver. Hikane to Isidoros her son, harborman.",True
berenike.apis.13,70790,70790,o.berenike;1;13,berenike.apis.13,Order from Sosibios to Andouros,Remains of a customs pass for wine exportation.,33 - 70 A.D.?,51.0,Roman dump at Berenike.,grc,Ostraca; Order; Customs; Wine; Export,,"""Sosibios to Andouros, greetings. Let pass for Leostratos, son of Paeris, - italika.""",True
berenike.apis.130,89156,89156,o.berenike;2;130,berenike.apis.130,Letter of Aphro[dite?] to Lucius,Letter from Aphro[dite?] to her husband Lucius,A.D. 50 - 75,62.0,This document was discovered in a Roman dump at Berenike.,grc,Letter,,"(Recto) . . . to/for themselves . . . have boarded . . . the utensils from me . . . bread and from . . . Your father tells me, "" Look, . . ."" lacking nothing . . . not yet to me . . . concerning the grain . . . he/she came . . . I lack nothing . . . that I am not useless . . . do not worry about us. Take care of . . . with the gods. Furthermore, you know that . . . to send to you . . . saying, ""I gave twenty drachmas to Antonios."" . . . I will give him . . . to Valerius your father . . . (Back, top) Deliver from Aphro[dite?] to Berenike to Lucius, her husband.",True
berenike.apis.131,89157,89157,o.berenike;2;131,berenike.apis.131,Inventory of Equipment,Inventory of Equipment,A.D. 50 - 75,62.0,This document was discovered in a Roman dump at Berenike.,grc,Inventory; Boat; Branding; Papyrus; Rope,,"(line 2f.) . . .] four, total 4; braces of a sail [. . .] used . . ., bundles 80, pulleys 30 (?) [. . .] six mast belts, total 6; good [. . .] braces of a sail two, total 2; - [. . .] two, total 2; two branding irons [. . .] 4 bundles of papyrus rope; gum (?) four, total 4 [. . .] ? of which 6 bundles of papyrus rope, used; one old (?) [. . .] total 5, 8 bundles of good ropes of which seven [ . . .",True
berenike.apis.132,89158,89158,o.berenike;2;132,berenike.apis.132,Land register,Land Register,A.D. 50 - 75,62.0,This document was discovered in a Roman dump at Berenike.,grc,Landowners; Register; Tax; Document; Names,,,False
berenike.apis.133,89159,89159,o.berenike;2;133,berenike.apis.133,List of persons?,List of Names or Account?,A.D. 50 - 75,62.0,This document was discovered in a Roman dump at Berenike.,grc,List; Account; Document; Names,,,False
berenike.apis.134,89160,89160,o.berenike;2;134,berenike.apis.134,Account,Account,After A.D. 54/55 (?),54.0,This document was discovered in a Roman dump at Berenike.,grc,Camels; Wheat; Account; Price,,(line 2) . . . the price of 6 camels 3000 . . . of 25 artabas of wheat . . .,True
berenike.apis.135,89161,89161,o.berenike;2;135,berenike.apis.135,List of Names,List of Names,A.D. 50 - 75,62.0,This document was discovered in a Roman dump at Berenike.,grc,List; Names,,,False
berenike.apis.136,89162,89162,o.berenike;2;136,berenike.apis.136,Receipt for the quintana tax,Receipt for the quintana tax,ca. 1 BC/AD 1,0.0,This document was discovered in a Roman dump at Berenike.,grc,Tax; Quintana; Receipt; Ostraka; Quintanensis,,". . . greetings . . . for the quintana of the 30th year of Caesar, [- - -] sixteen, total sixteen drachmas.",True
berenike.apis.137,89163,89163,o.berenike;2;137,berenike.apis.137,Receipt for the quintana tax,Receipt for the quintana tax,"15 July, A.D. 65",65.0,This document was discovered in a Roman dump at Berenike,grc,Tax; Quintana; Quintanesis; Receipt; Ostraka,,"(1 H.) Germanos, quintanensis, to Haryothes son of Paourses . . ., greetings. I have from you the quintana for Epeiph, 16 drachmas. Year 11 of Nero the lord, Epeiph 21. (2 H.) I, Germanos, have signed.",True
berenike.apis.138,89164,89164,o.berenike;2;138,berenike.apis.138,Receipt for the quintana tax,Receipt for the quintana tax,"April-June, A.D. 66",66.0,This document was discovered in a Roman dump at Berenike.,grc,Tax; Quintana; Quintanensis; Ostraka; Receipt,,"Germanos, quintanensis, to Gaianos son of Himeros, greetings. I have the quintana for Pauni, 16 (dr.), Pachon, 16 (dr.). Year 12 of Nero the lord.",True
berenike.apis.139,89165,89165,o.berenike;2;139,berenike.apis.139,Receipt for the quintana tax,Receipt for the quintana tax,"12 July, A.D. 66",66.0,This document was discovered in a Roman dump at Berenike.,grc,Tax; Quintana; Quintanensis; Ostraka; Receipt,,"Germanos, quintanensis, to Lucius Dionysios, greetings. I have the quintana of Pauni and Epeiph, total (dr.) 32. Year 12 of Nero the lord, Epeiph 18.",True
berenike.apis.14,70791,70791,o.berenike;1;14,berenike.apis.14,Order from Sosibios to Andouros,Remains of a customs pass for wine exportation.,33 - 70 A.D.?,51.0,Roman dump at Berenike.,grc,Ostraca; Order; Customs; Wine; Export,,"""Sosinios to Andouros, greetings. Let pass for Pa--- 6 italika of wine.""",True
berenike.apis.140,89166,89166,o.berenike;2;140,berenike.apis.140,Receipt for the quintana tax,Receipt for the quintana tax,"27 January - 25 February, A.D. 68",68.0,This document was discovered in a Roman dump at Berenike.,grc,Tax; Quintana; Quintanensis; Ostraka; Receipt,,"(1st H.) Caecilius and Eponychos, partners, quintanenses of the 14th year of Nero the lord, to Haryothes, greetings. We have registered the quintana of Mecheir for 2 donkeys, 16 drachmas. (2nd H.) I, Caecilius, have received.",True
berenike.apis.141,89167,89167,o.berenike;2;141,berenike.apis.141,Receipt for the quintana tax,Receipt for the quintana tax,"26 May - 24 July, A.D. 72",72.0,This document was discovered in a Roman dump at Berenike.,grc,Tax; Quintana; Quintanensis; Ostraka; Receipt,,"(1st H.) Albius, quintanensis of the 4th year of Imperator Caesar Vespasianus Augustus, to Pakoibis and Psenapathes, both sons of Psenminis, greetings. I have received from you the quintana of Pauni (and) Epeiph, thirty-two drachmas of silver, total, dr. 32. (2nd H.) I, Albius, have 32 dr.",True
berenike.apis.142,89168,89168,o.berenike;2;142,berenike.apis.142,Receipt,Receipt,"26 September, A.D. 71",71.0,This document was discovered in a Roman dump at Berenike.,grc,Receipt; Ostraka,,"Hermeros son of Haryotes and his p(artners) to Pakoibis son of Paeris son of Horos, greetings. I have received from you . . . the 4th year of Imperator Caesar Vespasianus Augustus, Thoth 28 . . . I, Hermeros, [have signed].",True
berenike.apis.143,89169,89169,o.berenike;2;143,berenike.apis.143,Receipt,Receipt,A.D. 50 - 75,62.0,This document was discovered in a Roman dump at Berenike.,grc,Receipt; Ostraka; Army; Wine,,Marcus Kale.eris of the turma of Longinus. I have sixteen keramia. Epimachos son of Psenosiris.,True
berenike.apis.144,89170,89170,o.berenike;2;144,berenike.apis.144,Receipt,Receipt,A.D. 50 - 75,62.0,This document was discovered in a Roman dump at Berenike.,grc,Receipt; Ostraka; Skins; Hides,,"I have 9 hides of skins, 20; and 25 of skins, 3; total 23.",True
berenike.apis.145,89171,89171,o.berenike;2;145,berenike.apis.145,Order to Let Pass,Customs Order,A.D. 50 - 75,62.0,This document was discovered in a Roman dump at Berenike.,grc,Order; Customs; Wine; Ostraka; Quintanensis,,"Alexand(ros) to Theodoros, quintanensis, greetings. Let pass for Claudius Theodoros 18 ker(amia) of Laodic(ean) wine.",True
berenike.apis.146,89172,89172,o.berenike;2;146,berenike.apis.146,Order to Let Pass,Customs Order,A.D. 50 - 75,62.0,This document was discovered in a Roman dump at Berenike.,grc,Order; Customs; Wine; Ostraka; Quintanensis,,"Alexandros to those in charge of the customs gate. Let pass for Peteharpoch(rates) son of Psentphous, 6 keram(ia) of Ptolemai(ti)c wine.",True
berenike.apis.147,89173,89173,o.berenike;2;147,berenike.apis.147,Order to Let Pass,Customs order,A.D. 50 - 75,62.0,This document was discovered in a Roman dump at Berenike.,grc,Order; Customs; Wine; Ostraka; Quintanensis,,"Pakoibis son of Ptolem(aios) to Psipmouis, greetings. Let pass for the [account] of Gaius I[ulius Epaphrod(itos)] 2 ker(amia) of Laodicean wine. Harmiusis son of Titoes.",True
berenike.apis.148,89174,89174,o.berenike;2;148,berenike.apis.148,Order to Let Pass,Customs order,A.D. 50 - 75,62.0,This document was discovered in a Roman dump at Berenike.,grc,Order; Customs; Wine; Ostraka; Quintanensis,,"Psenapathes son of Pakoibis, 6 lad(ikena) of wine for the account of Gaius Iulius Epaphroditus, on account of outfitting.",True
berenike.apis.149,89175,89175,o.berenike;2;149,berenike.apis.149,Order to Let Pass,Customs Order,A.D. 50 - 75,62.0,This document was discovered in a Roman dump at Berenike.,grc,Order; Customs; Wine; Ostraka; Quintanensis,,". . . Release from those of Titus Fla[vius] Potamon 4 ker(amia) of Ital(ian) wine, (total) 4 ker(amia).",True
berenike.apis.15,70792,70792,o.berenike;1;15,berenike.apis.15,Order from Sosibios to Andouros,Remains of a customs pass for wine exportation.,33 - 70 A.D.?,51.0,Roman dump at Berenike.,grc,Ostraca; Order; Customs; Wine; Export,,"""Sosibios to Andouros, greetings. Let pass for Psinosiris, son of Petesis, 2 italika of wine.""",True
berenike.apis.150,89176,89176,o.berenike;2;150,berenike.apis.150,Order to Let Pass,Customs order,A.D. 50 - 75,62.0,This document was discovered in a Roman dump at Berenike.,grc,Order; Customs; Camels; Ostraka; Quintanensis,,"Release for Kronios son of Pisais, grandson of Eros, one camel.",True
berenike.apis.151,89177,89177,o.berenike;2;151,berenike.apis.151,Order to Let Pass,Customs order,A.D. 50 - 75,62.0,This document was discovered in a Roman dump at Berenike.,grc,Order; Customs; Camels; Ostraka; Quintanensis,,Release for Psenthotes son of Paristeros 2 camels.,True
berenike.apis.152,89178,89178,o.berenike;2;152,berenike.apis.152,Order to Let Pass,Customs order,A.D. 50 - 75,62.0,This document was discovered in a Roman dump at Berenike.,grc,Order; Customs; Vinegar; Ostraka; Quintanensis,,"Harpoch( ) to Pisimounis, greetings. let pass for Pakoibis son of Haronnophris . . . 8 koilopomata of vinegar.",True
berenike.apis.153,89179,89179,o.berenike;2;153,berenike.apis.153,Order to Dispatch,Customs order,A.D. 50 - 75,62.0,This document was discovered in a Roman dump at Berenike.,grc,Order; Customs; Wine; Ostraka; Quintanensis,,"Sarapion son of Kasios to Andouros, greetings. Dispatch for Psenosiris son of Pakoibis, 2 keramia of Laodicean wine. Signed.",True
berenike.apis.154,89180,89180,o.berenike;2;154,berenike.apis.154,Order to Dispatch,Customs Order,A.D. 50 - 75,62.0,This document was discovered in a Roman dump at Berenike.,grc,Order; Customs; Wine; Ostraka; Quintanensis,,"Sarapion son of Kasios to Andouros, greetings. Dispatch for NN son of Paeris, seven [keramia] of pol( ). Signed.",True
berenike.apis.155,89181,89181,o.berenike;2;155,berenike.apis.155,Order to Dispatch,Customs order,A.D. 50 - 75,62.0,This document was discovered in a Roman dump at Berenike.,grc,Order; Customs; Wine; Ostraka; Quintanensis,,"Sarap[ion son of Kasios to NN], greetings. Dispatch [for NN? X keramia?] of wine [and X keramia?] of Italian [wine. Signed.]",True
berenike.apis.156,89182,89182,o.berenike;2;156,berenike.apis.156,Order to Dispatch,Customs order,A.D. 50 - 75,62.0,This document was discovered in a Roman dump at Berenike.,grc,Order; Customs; Wine; Ostraka; Quintanensis,,"Sarapion son of Kasios to Andouros, greetings. Dispatch for Psenosiris son of Pakoibis, 3 keramia of Laodicean wine, and 2 keramia of Laodicean wine, total 5 keramia of Laodicean (wine). Signed.",True
berenike.apis.157,89183,89183,o.berenike;2;157,berenike.apis.157,Order to Dispatch,Customs Order,A.D. 50 - 75,62.0,This document was discovered in a Roman dump in Berenike.,grc,Order; Customs; Wine; Ostraka; Quintanensis,,"Sarapio(n) son of Kasios to Andouros, greetings. Dispatch . . .",True
berenike.apis.158,89184,89184,o.berenike;2;158,berenike.apis.158,Order to Dispatch,Customs Order,A.D. 50 - 75,62.0,This document was discovered in a Roman dump at Berenike.,grc,Order; Customs; Wine; Ostraka; Quintanensis,,"Sarapio[n son of Kasios] to Pakoibis [son of NN?], greetings. Dispatch for Pak[oibis] son of Pakoibi[s] . . . bags, and dispatch for Pakoibis bags . . .",True
berenike.apis.159,89185,89185,o.berenike;2;159,berenike.apis.159,Order to Dispatch,Customs Order,A.D. 50 - 75,62.0,This document was discovered in a Roman dump at Berenike,grc,Order; Customs; Ostraka; Quintanensis,,"Sarapion son of Kasios to Pakoibis, greetings. Dispatch for Herakleides son of Pakoibis fifty-six bags, total, 56.",True
berenike.apis.16,70793,70793,o.berenike;1;16,berenike.apis.16,Order from Sosibios to Andouros,Remains of a customs pass for wine exportation.,33 - 70 A.D.?,51.0,Roman dump at Berenike.,grc,Ostraca; Order; Customs; Wine; Export,,"""Sosibios to Andouros, greetings. Let pass for Achilleus, son of Salid( ), 12 italika of wine.""",True
berenike.apis.160,89186,89186,o.berenike;2;160,berenike.apis.160,Order to Dispatch,Customs Order,A.D. 50 - 75,62.0,This document was discovered in a Roman dump at Berenike.,grc,Order; Customs; Ostraka; Quintanensis,,"Sarapion son of Kasios [to NN, greetings.] Dispatch for Psenapathes son of Pakoi[bis] 160 bags. Signed.",True
berenike.apis.161,89187,89187,o.berenike;2;161,berenike.apis.161,Order to Dispatch,Customs Order,A.D. 50 - 75,62.0,This document was discovered in a Roman dump at Berenike.,grc,Order; Customs; Ostraka; Quintanensis,,"(1 h.) [NN son of NN to NN], greetings. Dispatch for the quintanensis (?) bags . . . Signed. (2 h.) Month of . . .",True
berenike.apis.162,89188,89188,o.berenike;2;162,berenike.apis.162,Order to Dispatch,Customs Order,A.D. 50 - 75,62.0,This document was discovered in a Roman dump at Berenike.,grc,Order; Customs; Ostraka; Quintanensis,,"Sarapion son of Kasios to Pakoibis, greetings. Dispatch for Antos son of Tchalios 235 bags. Signed.",True
berenike.apis.163,89189,89189,o.berenike;2;163,berenike.apis.163,Order to Dispatch,Customs Order,A.D. 50 - 75,62.0,This document was discovered in a Roman dump at Berenike.,grc,Order; Customs; Ostraka; Quintanensis,,"Sarapion son of Kasios to Pakoibis, greetings. Dispatch for Psenosiris son of Pakoibis 112 double bags. Signed.",True
berenike.apis.164,89188,89188,o.berenike;2;162,berenike.apis.164,Order to Dispatch,Customs Order,A.D. 50 - 75,62.0,This document was discovered in a Roman dump at Berenike.,grc,Order; Customs; Wine; Ostraka; Quintanensis,,"[Sarapion son of K]asios to Andouros, [greetings. Dispatch for NN] for keramia of pol( ) wine . . .",True
berenike.apis.165,89191,89191,o.berenike;2;165,berenike.apis.165,Order to Dispatch,Customs Order,A.D. 50 - 75,62.0,This document was discovered in a Roman dump at Berenike.,grc,Order; Customs; Ostraka; Quintanensis,,. . . Dispatch for Haronnophris son of Psais 97 double bags. Signed.,True
berenike.apis.166,89192,89192,o.berenike;2;166,berenike.apis.166,Order to Dispatch,Customs Order,A.D. 50 - 75,62.0,This document was discovered in a Roman dump at Berenike.,grc,Order; Customs; Ostraka; Quintanensis,,"[Sarapion] son of Kasios to Pakoibis, [greetings. Dispatch for NN] son of Pakoibis, 160 double bags.",True
berenike.apis.167,89193,89193,o.berenike;2;167,berenike.apis.167,Order to Dispatch,Customs Order,A.D. 50 - 75,62.0,This document was discovered in a Roman dump at Beren,grc,Order; Customs; Wine; Ostraka; Quintanensis,,"Sarapion son of Kasios to Andouros, greetings. Dispatch for Peteharpochrates son of Psentphous, fifty-eight keramia of pol( ) wine. Epeiph 11.",True
berenike.apis.168,89194,89194,o.berenike;2;168,berenike.apis.168,Order to Dispatch,Customs Order,A.D. 50 - 75,62.0,This document was discovered in a Roman dump at Berenike,grc,Order; Customs; Wine; Ostraka; Quintanensis,,"Sarapion son of K[asios] to Andouros, greetings. [Dispatch] for Eponychos . . . keramia of pol( ) wine . . . Epeiph 11.",True
berenike.apis.169,89195,89195,o.berenike;2;169,berenike.apis.169,Order to Dispatch,Customs Order,A.D. 50 - 75,62.0,This document was discovered in a Roman dump at Berenike.,grc,Order; Customs; Ostraka; Quintanensis,,"Sarapion son of Kas[ios to NN], greetings. <Dispatch> for Peteamo[unis ?] bags . . .",True
berenike.apis.17,70794,70794,o.berenike;1;17,berenike.apis.17,Order from Sosibios to Andouros,Remains of a customs pass for wine exportation.,33 - 70 A.D.?,51.0,Roman dump at Berenike.,grc,Ostraca; Order; Customs; Wine; Export,,"""Sosibios to Andouros, greetings. Let pass ladikena 17 in number.",True
berenike.apis.170,89196,89196,o.berenike;2;170,berenike.apis.170,Order to Dispatch,Customs Order,A.D. 50 - 75,62.0,This document was discovered in a Roman dump at Berenike.,grc,Order; Customs; Ostraka; Quintanensis,,"Sarap[ion son of Kasios] to Pakoibis, greetings. Dispatch [for NN] 73 bags. Signed.",True
berenike.apis.171,89197,89197,o.berenike;2;171,berenike.apis.171,Order to Dispatch,Customs Order,A.D. 50 - 75,62.0,This document was discovered in a Roman dump at Berenike.,grc,Order; Customs; Ostraka; Quintanensis,,"Sarapion son of K[asios to NN, greetings.] Dispatch for Petech[ ?] bags . . .",True
berenike.apis.172,89197,89197,o.berenike;2;171,berenike.apis.172,Order to Dispatch,Customs Order,A.D. 50 - 75,62.0,This document was discovered in a Roman dump at Berenike.,grc,Order; Customs; Ostraka; Quintanensis,,"[Sarapion] son of Kas[ios to NN, greetings.] Dispatch for Pa[koibis son of P]akoibis . . . 160. Signed.",True
berenike.apis.173,89199,89199,o.berenike;2;173,berenike.apis.173,Order to Dispatch,Customs Order,A.D. 50 - 75,62.0,This document was discovered in a Roman dump at Berenike.,grc,Order; Customs; Ostraka; Quintanensis,,"(1 h.) Sarapion son of Kasios to Pakoibis, greetings. Dispatch for Pakoibis son of the same, grandson of Automallos, 21 bags. Signed. (2 h.) Month of Sebastos 24.",True
berenike.apis.174,89200,89200,o.berenike;2;174,berenike.apis.174,Order to Dispatch,Customs Order,A.D. 50 - 75,62.0,This document was discovered in a Roman dump at Berenike.,grc,Order; Customs; Ostraka; Quintanensis,,"[Sarapion son of Kasios to P]akobis, greetings. [Dispatch for NN] 68 bags . . .",True
berenike.apis.175,89201,89201,o.berenike;2;175,berenike.apis.175,Order to Dispatch,Customs Order,A.D. 50 - 75,62.0,This document was discovered in a Roman dump at Berenike.,grc,Order; Customs; Ostraka; Quintanensis,,"Sarapion [son of Kasios to NN], greetings. Dispatch for Psen[ . . . ?] bags . . .",True
berenike.apis.176,89202,89202,o.berenike;2;176,berenike.apis.176,Order to Dispatch,Customs Order,A.D. 50 - 75,62.0,This document was discovered in a Roman dump at Berenike.,grc,Order; Customs; Ostraka; Quintanensis,,"Sarapion son of Kas[ios to NN, greetings.] Dispatch for Petech[ . . .",True
berenike.apis.177,89203,89203,o.berenike;2;177,berenike.apis.177,Order to Dispatch,Customs Order,A.D. 50 - 75,62.0,This document was discovered in a Roman dump at Berenike.,grc,Order; Customs; Ostraka; Quintanensis,,"(1 h.) Sarapion son of Kasios to Pakoibis, greetings. Dispatch for Senpsenamounis 107 double bags. I have signed. (2 h.) Month of Sebastos 24.",True
berenike.apis.178,89204,89204,o.berenike;2;178,berenike.apis.178,Order to Dispatch,Customs Order,A.D. 50 - 75,62.0,This document was discovered in a Roman dump at Berenike.,grc,Order; Customs; Ostraka; Quintanensis,,"(1 h.) Sarapion son of Kasios to Pa[koibis, greetings.] Dispatch for Psentphous . . bags. Signed. (2 h.) Month of Sebastos [24?]",True
berenike.apis.179,89205,89205,o.berenike;2;179,berenike.apis.179,Order to Dispatch,Customs Order,A.D. 50 - 75,62.0,This document was discovered in a Roman dump at Berenike.,grc,Order; Customs; Ostraka; Quintanensis,,"[Sarapion] son of Kasios [to NN, greetings. Dispatch for P]akoibis . . .",True
berenike.apis.18,70795,70795,o.berenike;1;18,berenike.apis.18,Order from Sosibios to Andouros,Remains of a customs pass for wine exportation.,33 - 70 A.D.?,51.0,Roman dump at Berenike.,grc,Ostraca; Order; Customs; Wine; Export,,"""Sosibios to Andouros, greetings. Let pass for Psenonesis, son of Pabos, 6 keramia of Italian wine.""",True
berenike.apis.180,89206,89206,o.berenike;2;180,berenike.apis.180,Order to Dispatch,Customs Order,A.D. 50 - 75,62.0,This document was discovered in a Roman dump at Berenike.,grc,Order; Customs; Ostraka; Quintanensis,,"[Sarapio]n son of Kasios to Pakoibis, [greetings. Dispatch for Pse]nosiris son of Senouphis . . .",True
berenike.apis.181,89207,89207,o.berenike;2;181,berenike.apis.181,Order to Dispatch,Customs Order,A.D. 50 - 75,62.0,This document was discovered in a Roman dump at Berenike.,grc,Order; Customs; Wine; Quintanensis; Ostraka,,"[Sarapio]n son of Kasios . . [ . . . greetings.] Dispatch for [Pakoi]bis son of Pa[ . . . ] six keramia of pol( ) wine, (i.e.,) 6. [Ep]eiph 11.",True
berenike.apis.182,89208,89208,o.berenike;2;182,berenike.apis.182,Order to Dispatch,Customs Order,A.D. 50 - 75,62.0,This document was discovered in a Roman dump at Berenike.,grc,Order; Customs; Ostraka; Quintanensis,,"(1 h.) Sarapion son of Kasios to P[akoibis], greetings. Dispatch for Petearoueris son of Er--, 5 bags. Signed. (2 h.) Month of Sebastos 24.",True
berenike.apis.183,89209,89209,o.berenike;2;183,berenike.apis.183,Order to Dispatch,Customs Order,A.D. 50 - 75,62.0,This document was discovered in a Roman dump at Berenike.,grc,Order; Customs; Wine; Quintanensis; Ostraka,,"Sarapio[n son of Kasios to NN], greetings. Dispatch for Pet[ . . . ] 3 keramia of pol( ) [wine] . . . Abdoubas[ . . . ]",True
berenike.apis.184,89210,89210,o.berenike;2;184,berenike.apis.184,"Letter from Epaphroditos slave of Delias to Pakoibis, Quintanensis",Customs Order,A.D. 50 - 75,62.0,This document was discovered in a Roman dump at Berenike,grc,Order; Customs; Wine; Quintanensis; Ostraka,,"Epaphroditos slave of Delias of Aeimnestos slave of Caesar to Pakoibis, quintanensis, greetings. Let pass for those coming bearning orders to you, of those of Delias, keramia of wine . . .",True
berenike.apis.185,89211,89211,o.berenike;2;185,berenike.apis.185,Blank Order Form from Epaphroditos to Pakoibis,Customs Order,A.D. 50 - 75,62.0,This document was discovered in a Roman dump at Berenike.,grc,Order; Customs; Wine; Ostraka; Quintanensis,,"Epaphroditos slave of Delias slave of Aeimnestos slave of Caesar, to Pakoibis quintanensis, greetings. Let pass for (blank) of those of Delias slave of Aeimnestos slave of Caesar, (blank) keramia of . . . wine.",True
berenike.apis.186,89212,89212,o.berenike;2;186,berenike.apis.186,Blank Order Form from Epaphroditos to Pakoibis,Customs Order,A.D. 50 - 75,62.0,This document was discovered in a Roman dump at Berenike.,grc,Order; Customs; Wine; Ostraka; Quintanensis,,"Epaphroditos slave of Delias slave of Aeimnestos slave of Caesar, to Pakoibis quintanensis, greetings. Let pass for (blank) of those of Delias slave of Aeimnestos slave of Caesar, (blank) keramia of Ptolemaic wine.",True
berenike.apis.187,89213,89213,o.berenike;2;187,berenike.apis.187,Blank Order Form from Epaphroditos to Pakoibis,Customs Order,A.D. 50 - 75,62.0,This document was discovered in a Roman dump at Berenike.,grc,Order; Customs; Wine; Ostraka; Quintanensis,,"Epaphroditos slave of Delias slave of Aeimnestos slave of Caesar, to Pakoibis quintanensis, greetings. Let pass for (blank) of those of Delias slave of Aeimnestos slave of Caesar, (blank) keramia of Ptolemaic wine.",True
berenike.apis.188,89214,89214,o.berenike;2;188,berenike.apis.188,Blank Order Form from Epaphroditos to Pakoibis,Customs Order,A.D. 50 - 75,62.0,This document was discovered in a Roman dump at Berenike.,grc,Order; Customs; Wine; Ostraka; Quintanensis,,"Epaphroditos slave of Delias slave of Aeimnestos slave of Caesar, to Pakoibis quinta[nensis], greetings. Let pass for (blank) of those [of Delias] slave of Aeimnestos slave of C[aesar], (blank) keramia of . . . wine.",True
berenike.apis.189,89215,89215,o.berenike;2;189,berenike.apis.189,Letter of Samanetos to Amphiomis,Letter,A.D. 50 - 75,62.0,This document was discovered in a Roman dump at Berenike.,grc,Letter; Camel; Cameleers; Ostraka,,,False
berenike.apis.19,70796,70796,o.berenike;1;19,berenike.apis.19,Order from Sosibios to Andouros,Remains of a customs pass for wine exportation.,33 - 70 A.D.?,51.0,Roman dump at Berenike.,grc,Ostraca; Order; Customs; Wine; Export,,"""Sosibios to Andouros, greetings. Let pass for NN 6 italika of wine.""",True
berenike.apis.190,89216,89216,o.berenike;2;190,berenike.apis.190,Letter,Letter,A.D. 50 - 75,62.0,This document was discovered in a Roman dump at Berenike.,grc,Letter; Quintana; Tax; Taxes; Ostraka,,(10-12) . . . you know that I am not neglectful.,True
berenike.apis.191,89217,89217,o.berenike;2;191,berenike.apis.191,Letter to Antonios,Letter,A.D. 50 - 75,62.0,This document was discovered in a Roman dump at Berenike.,grc,Letter; Water; Ostraka,,"[NN to An]tonius [his son?], greetings. Having received the skin of water, [now?] I want . . .",True
berenike.apis.192,89218,89218,o.berenike;2;192,berenike.apis.192,Letter,Letter,A.D. 50 - 75,62.0,This document was discovered in a Roman dump at Berenike.,grc,Letter; Camel; Cameleers; Ostraka; Army,,O.Ber. II 192,True
berenike.apis.193,89219,89219,o.berenike;2;193,berenike.apis.193,Business Letter from Herennios to Satornilos,Business Letter,A.D. 50 - 75,62.0,This document was discovered in a Roman dump at Berenike.,grc,Letter; Business; Ostraka; Slaves; Clothing,,"Herennios to Satornilus, his brother and lord, many greetings. Please give to Stichus the slave of Narcissus his little shield and collected from him the two shirts (?) and the incense on which he agreed with me. There will be loaves on the ninth. Concerning the food for NN, deliver it at whatever price you wish. But if a surplus . . .",True
berenike.apis.194,89220,89220,o.berenike;2;194,berenike.apis.194,Letter of Trophilos,Letter,A.D. 50 - 75,62.0,This document was discovered in a Roman dump at Berenike.,grc,Letter; Ostraka,,,False
berenike.apis.195,89221,89221,o.berenike;2;195,berenike.apis.195,Business Letter from Herennios to Satornilos,Business Letter,A.D. 50 - 75,62.0,This document was discovered in a Roman dump at Berenike.,grc,,,"Herennius to Satornilus his dearest, greetings. I certainly received your ostrakon. Concerning the cats, Ourses is taking care of them in accordance with what I also wrote to you on another occasion. And now look again, what do you think about the roses for 200 dr. and 180 dr., inquiring also about the transport costs? If your she-donkey has got better, come by night, so that you may go down to get the transport money. Do not be concerned about your wood. If you find a good tree-trunk [by the finger?], I'll take it. I sold . . . not having anywhere to put it (?) . . . Don't worry . . .",True
berenike.apis.196,89222,89222,o.berenike;2;196,berenike.apis.196,Business Letter?,Business Letter,A.D. 50 - 75,62.0,This document was discovered in a Roman dump at Berenike.,grc,Letter; Cats; Ostraka,,,False
berenike.apis.197,89223,89223,o.berenike;2;197,berenike.apis.197,Letter,Letter,A.D. 50 - 75,62.0,This document was discovered in a Roman dump at Berenike.,grc,Letter; Ostraka,,,False
berenike.apis.198,89224,89224,o.berenike;2;198,berenike.apis.198,Letter from Capito to Netios,Letter,A.D. 50 - 75,62.0,This document was discovered in a Roman dump at Berenike.,grc,Letter; Lawsuits; Visits; Ostraka,,"Capito to Netios his brother, greetings. First of all I thought it necessary to greet you by letter. Since you were not planning to go off for a lawsuit, I ask you, brother, to take care . . . a storage jar and a ladikenon jar for water, and . . . You say that your brother is coming and together with you . . . so that we may settle together. For I heard also that you are sailing in. I was delighted, then, that he is coming with you.",True
berenike.apis.199,89225,89225,o.berenike;2;199,berenike.apis.199,Letter of Serapous to his mother,Letter,A.D. 50 - 75,62.0,This document was discovered in a Roman dump at Berenike.,grc,Letter; Ostraka,,"Serapous to Aph[rod( )], his own mother and [lady?, many] greetings. I want [you to know that] I received . . .",True
berenike.apis.2,70779,70779,o.berenike;1;2,berenike.apis.2,Order from Sosibios to Andouros,Remains of a customs pass for wine exportation.,33 - 70 A.D.?,51.0,Roman dump at Berenike,grc,Ostraca; Order; Customs; Wine; Export,,"""Sosibios to Peisitheos and Andouros, greetings. Let pass for Paniskos, son of Porcheus 1- italika of wine.""",True
berenike.apis.20,70797,70797,o.berenike;1;20,berenike.apis.20,Order from Sosibios to Andouros,"Remains of a customs pass for sundry items, among them probably wine.",33 - 70 A.D.?,51.0,Roman dump at Berenike.,grc,Ostraca; Order; Customs; Wine; Export,,"""Sosibios to Andouros, greetings. Let pass for Sarapion, son of Kastor, -- Ptolemai(ti)c monthly provisions, -- ladikena, and ... and 10 Rhodian monthly provisions.""",True
berenike.apis.200,89226,89226,o.berenike;2;200,berenike.apis.200,Letter to Zeno,Letter,A.D. 50 - 75,62.0,This document was discovered in a Roman dump at Berenike.,grc,Letter; Ostraka,,,False
berenike.apis.201,89227,89227,o.berenike;2;201,berenike.apis.201,Letter from Papiris,Letter,A.D. 50 - 75,62.0,This document was discovered in a Roman dump at Berenike.,grc,Letter; Ostraka,,,False
berenike.apis.2016-0001,,641931,,berenike.apis.2016-0001,Prose text of unknown type,"Prose text, unknown content.",1st c. AD,50.0,Berenike,grc,,,,False
berenike.apis.202,89228,89228,o.berenike;2;202,berenike.apis.202,"Letter of Julius Marinus, centurion",Letter,A.D. 50 - 75,62.0,This document was discovered in a Roman dump at Berenike.,grc,Letter; Army; Officer; Centurion; Ostraka,,,False
berenike.apis.203,89229,89229,o.berenike;2;203,berenike.apis.203,Letter,Letter,A.D. 50 - 75,62.0,This document was discovered in a Roman dump at Berenike.,grc,Letter; Ostraka,,,False
berenike.apis.204,89230,89230,o.berenike;2;204,berenike.apis.204,Letter,Letter,A.D. 50 - 75,62.0,This document was discovered in a Roman dump at Berenike.,grc,Letter; Clothing; Ostraka,,,False
berenike.apis.205,89231,89231,o.berenike;2;205,berenike.apis.205,Dekania List,Dekania list,A.D. 50 - 75,62.0,This document was discovered in a Roman dump at Berenike.,grc,Dekanos; Dekania; Police; List; Ostraka,,(dekanos) Paminis son of P[eteasmephis]; Komaros son of Haryo[thes]; Antonios [. . .],True
berenike.apis.206,89232,89232,o.berenike;2;206,berenike.apis.206,Dekania Account,Dekania Account,A.D. 50 - 75,62.0,This document was discovered in a Roman dump at Berenike.,grc,Account; Dekanos; Dekania; Police; Ostraka,,"(dekanos) Pisiphmois son of P[. . .]; Peteesis son of Paeris [. . .]; Peteharpochrates son of Phiomis, grandson of Phiomis [. . .]; (total), 2 (art.) (of wheat), -- (art.) of barley. Miresis son of Eponychos, 2 (art.). Harmiusis son of Paeris, 5 (art.).",True
berenike.apis.207,89232,89232,o.berenike;2;206,berenike.apis.207,Account,Account,A.D. 50 - 75,62.0,This document was discovered in a Roman dump at Berenike.,grc,Account; Wheat; Ostraka,,". . . Paris, son [ . . . ]; Kas, son -- (art.) of wheat; NN (likewise) -- (art.) of wheat; . . .",True
berenike.apis.208,89234,89234,o.berenike;2;208,berenike.apis.208,Account of Money,Account,A.D. 50 - 75,62.0,This document was discovered in a Roman dump at Berenike.,grc,Account; Money; Ostraka,,Psesinoys 16 (drachmai); Serapas 10 (drachmai); Phrodei( ) 2 (drachmai).,True
berenike.apis.209,89235,89235,o.berenike;2;209,berenike.apis.209,Account?,Account,A.D. 50 - 75,62.0,This document was discovered in a Roman dump at Berenike.,grc,Account; Ostraka; Wine; Fig; Oil,,,False
berenike.apis.21,70798,70798,o.berenike;1;21,berenike.apis.21,Order from Sosibios to Andouros,Remains of a customs pass for wine exportation.,33 - 70 A.D.?,51.0,Roman dump at Berenike.,grc,Ostraca; Order; Customs; Wine; Export,,"""Sosibios to Andouros, greetings. Let pass for Petarpochrates, son of Pl-- 16 italika of wine, 4 kolophonia.""",True
berenike.apis.210,89236,89236,o.berenike;2;210,berenike.apis.210,Account,Account,A.D. 50 - 75,62.0,This document was discovered in a trench north of the Serapis Temple at Berenike.,grc,Account; Ostraka; Cabbage; Parsley; Tarichos,,"Account: 22nd: of bunch of cabbage, [ ]; of bunch of parsley, (1 obol?). 23rd: of salt fish (or meat), [ ]; of salt fish (or meat), (two obols?); of revenue (?), (three obols); of cabbage, (4 obols); of bread, (2 obols?). 26th: of salt fish (or meat), (2 obols?). 25th: of bread, (2 obols?). 27th: of bread, (2 obols?); of artabas (of wheat?), (2 obols?) . . .",True
berenike.apis.211,89237,89237,o.berenike;2;211,berenike.apis.211,List of names,List of names,A.D. 50 - 75,62.0,This document was discovered in a Roman dump at Berenike.,grc,Account; List; Ostraka,,Epontchos son of Phatre[s . . . ]; . . . vesc (Latin) [[. . . son of Peteasmephi]s . . . ]]; Petearmenis son of Harron[ophris . . . ]; Haryothes [ . . . ],True
berenike.apis.212,89238,89238,o.berenike;2;212,berenike.apis.212,Account of Camel Drivers,Account of Camel Divers,A.D. 50 - 75,62.0,This document was discovered in a Roman dump at Berenike.,grc,Camels; Cameleers; Dekanos; Account; Ostraka,,". . . (total) [-- . . .] (total) 11 camels, 5 camel loads . . . [[Pouonsis of Berenike: 16 camels and [ . . .] 1 camel, 1 camel load, 5 artabas]]; Aulos son of Miresis, dek(anos): 22 camels, [--] camel loads; Andouros son of Pakoibis: [--] camels . . . Eponychos . . .",True
berenike.apis.213,89239,89239,o.berenike;2;213,berenike.apis.213,Military Memorandum,Military Memorandum,A.D. 50 - 75,62.0,This document was discovered in a Roman dump at Berenike.,la,Memorandum; Camels; Army; Ostraka,,"Century of Domitius, C. Cornelius, 20 camels.",True
berenike.apis.214,89240,89240,o.berenike;2;214,berenike.apis.214,Submission Tag,Submission Tag,After 70 A.D.,84.0,This document was discovered in a trench north of the Serapis Temple at Berenike.,grc,Tag; Ostraka,,"I, Flavius Lucianus, submitted (it).",True
berenike.apis.215,89241,89241,o.berenike;2;215,berenike.apis.215,Memorandum for Wine,Memorandum for Wine,A.D. 50 - 75,62.0,This document was discovered in a Roman dump at Berenike.,grc,Wine; Army; Officer; Receipt; Ostraka,,"For Nonnius Abaskantos, cavalryman of the squadron of Sextillus, 8 Ptolemai(c?) wine-jars.",True
berenike.apis.216,89242,89242,o.berenike;2;216,berenike.apis.216,Uncertain Memorandum,Uncertain memorandum,A.D. 50 - 75,62.0,This document was discovered in a Roman dump at Berenike.,grc,Memorandum; Ostraka,,,False
berenike.apis.217,89243,89243,o.berenike;2;217,berenike.apis.217,List of Names,List of Names,A.D. 50 - 75,62.0,This document was discovered in a Roman dump at Berenike.,grc,List; Names; Ostraka,,"of Oserapis, of Hygia, of Diogenes, of Dionysios.",True
berenike.apis.218,89244,89244,o.berenike;2;218,berenike.apis.218,Tag,Tag,A.D. 50 - 75,62.0,This document was discovered in a Roman dump at Berenike.,grc,Tag; Ostraka,,,False
berenike.apis.219,89245,89245,o.berenike;2;219,berenike.apis.219,Tax Receipt for the Quintana,Tax Receipt,A.D. 5/6,5.0,This document was discovered in a Roman dump at Berenike.,grc,Tax; Quintana; Quintanensis; Receipt; Ostraka,,,False
berenike.apis.22,70799,70799,o.berenike;1;22,berenike.apis.22,Order from Sosibios to Andouros,Remains of a customs pass.,33 - 70 A.D.?,51.0,Roman dump at Berenike.,grc,Ostraca; Order; Customs; Export,,"""Sosibios to Andouros, greetings. Let pass ...""",True
berenike.apis.220,89246,89246,o.berenike;2;220,berenike.apis.220,Receipt?,Receipt,"July 7, A.D. 8",8.0,This document was discovered in a trench to the north of the Serapis Temple at Berenike.,grc,Receipt; Ostraka,,,False
berenike.apis.221,89247,89247,o.berenike;2;221,berenike.apis.221,Uncertain memorandum,This document was discovered in a Roman dump at Berenike.,A.D. 41-54,47.0,Uncertain Memorandum,grc,Memorandum; Ostraka,,. . . [of Tiberi]us Claudius Caesar Imperator [? Ty]bi 22 (= January 17 or 18).,True
berenike.apis.222,89248,89248,o.berenike;2;222,berenike.apis.222,School Exercise?,School Exercise,A.D. 50 - 75,62.0,This document was discovered in a Roman dump at Berenike.,grc,School; Exercise; Mathematics; Numerals; Ostraka,,89 83 68 / 65 87 88,True
berenike.apis.223,89249,89249,o.berenike;2;223,berenike.apis.223,Uncertain Document,Uncertain Document,A.D. 50 - 75,62.0,This document was discovered in a Roman dump at Berenike.,grc,Ostraka,,,False
berenike.apis.224,89250,89250,o.berenike;2;224,berenike.apis.224,Uncertain Document,Uncertain Document,A.D. 50 - 75,62.0,This document was discovered in a Roman dump at Berenike.,grc,Ostraka; Names,,,False
berenike.apis.225,89251,89251,o.berenike;2;225,berenike.apis.225,Letter?,Letter,A.D. 50 - 75 A.D.,62.0,This document was discovered in a Roman dump at Berenike.,grc,Letter; Ostraka,,(line 9) . . . so that he may fill my empty jar.,True
berenike.apis.226,89252,89252,o.berenike;2;226,berenike.apis.226,Water Receipt,,A.D. 50 - 75,62.0,This document was discovered in a Roman dump at Berenike.,grc,,,,False
berenike.apis.227,89253,89253,o.berenike;2;227,berenike.apis.227,Letter?,Letter,A.D. 50 - 75,62.0,This document was discovered at Abu Greiya (Vetus Hydreuma).,la,Ostraka; Business; Letter,,,False
berenike.apis.228,89254,89254,o.berenike;2;228,berenike.apis.228,Jar Tag,Jar Tag,A.D. 50 - 75,62.0,This document was discovered in a Roman dump at Berenike.,la,Jar; Ostraka; Tag,,,False
berenike.apis.229,89255,89255,o.berenike;2;229,berenike.apis.229,Jar Tag,Jar Tag,A.D. 50 - 75,62.0,This document was discovered in a Roman dump at Berenike.,grc,Jar; Ostraka; Tag,,Psenosi[r- ],True
berenike.apis.23,70800,70800,o.berenike;1;23,berenike.apis.23,Order from Sosibios to Andouros,Remains of a customs pass.,33 - 70 A.D.?,51.0,Roman dump at Berenike.,grc,Ostraca; Order; Customs; Export,,"""Sosibios to Andouros, greetings. Let pass for Pisimoui, son of Pairi( ), ...""",True
berenike.apis.230,89256,89256,o.berenike;2;230,berenike.apis.230,Jar Tag,Jar Tag,A.D. 50 - 75,62.0,This document was discovered in a Roman dump at Berenike.,grc,Jar; Tag; Ostraka,,Iuli[ ],True
berenike.apis.231,89257,89257,o.berenike;2;231,berenike.apis.231,Jar Tag,Jar Tag,A.D. 50 - 75,62.0,This document was discovered in a Roman dump at Berenike.,grc,Jar; Tag; Ostraka,,]onio( ) Apoll( ),True
berenike.apis.232,89258,89258,o.berenike;2;232,berenike.apis.232,Jar Tag,Jar Tag,50 - 75 A.D.,62.0,This document was discovered in a Roman dump at Berenike.,grc,Jar; Tag; Ostraka,,]siou Alexand(r-),True
berenike.apis.233,89259,89259,o.berenike;2;233,berenike.apis.233,Jar Tag,Jar Tag,A.D. 50 - 75,62.0,This document was discovered in a Roman dump at Berenike.,grc,Jar; Tag; Ostraka,,2 Psen( ),True
berenike.apis.234,89260,89260,o.berenike;2;234,berenike.apis.234,Jar Tag,Jar Tag,A.D. 50 - 75,62.0,This document was discovered in a Roman dump at Berenike.,grc,Jar; Tag; Ostraka,,] . nonos,True
berenike.apis.235,89261,89261,o.berenike;2;235,berenike.apis.235,Jar Tag,Jar Tag,A.D. 50 - 75,62.0,This document was discovered in a Roman dump at Berenike.,grc,Jar; Tag; Ostraka,,"por (or perhaps ""II or"")",True
berenike.apis.236,89262,89262,o.berenike;2;236,berenike.apis.236,Jar Tag,Jar Tag,A.D. 50 - 75,62.0,This document was discovered in a trench north of the Serapis Temple at Berenike.,grc,Jar; Tag; Ostraka,,,False
berenike.apis.237,89263,89263,o.berenike;2;237,berenike.apis.237,Jar Tag,Jar Tag,50 - 75 A.D.,62.0,This document was discovered in a trench north of the Serapis Temple at Berenike.,grc,Jar; Tag; Ostraka,,Arateo( ),True
berenike.apis.238,89264,89264,o.berenike;2;238,berenike.apis.238,Jar Tag,Jar Tag,A.D. 50 - 75,62.0,This document was discovered in a Roman dump at Berenike.,grc,Jar; Tag; Ostraka,,Ph[ . . .] / Amphiomis,True
berenike.apis.239,89265,89265,o.berenike;2;239,berenike.apis.239,Jar Tag,Jar Tag,A.D. 50 - 75,62.0,This document was discovered in a Roman dump at Berenike.,grc,Jar; Tag; Ostraka,,Amphio(mis),True
berenike.apis.24,70801,70801,o.berenike;1;24,berenike.apis.24,Order from Sosibios to Andouros,Remains of a customs pass for wine exportation.,33 - 70 A.D.?,51.0,Roman dump at Berenike.,grc,Ostraca; Order; Customs; Wine; Export,,"""Sosibios to Andouros, greetings. Let pass for Pripioue( ) - - - 8 italika of wine.""",True
berenike.apis.240,89266,89266,o.berenike;2;240,berenike.apis.240,Jar Tag,Jar Tag,A.D. 50 - 75,62.0,This document was discovered in a Roman dump at Berenike.,grc,Jar; Tag; Ostraka,,Petharpoch(rates),True
berenike.apis.241,89267,89267,o.berenike;2;241,berenike.apis.241,Jar Tag,Jar Tag,IIIrd - Ist cent. B.C.,-150.0,This document was discovered in a Ptolemaic industrial area at Berenike.,grc,Jar; Tag; Ostraka,,(Year) 2,True
berenike.apis.242,89268,89268,o.berenike;2;242,berenike.apis.242,Jar Tag,Jar Tag,A.D. 50 - 75,62.0,This document was discovered in a Roman dump at Berenike.,la,Jar; Tag; Ostraka,,,False
berenike.apis.243,89269,89269,o.berenike;2;243,berenike.apis.243,Jar Tag,Jar Tag,A.D. 50 - 75,62.0,This document was discovered in a Roman dump at Berenike.,grc,Jar; Tag; Ostraka,,,False
berenike.apis.244,89270,89270,o.berenike;2;244,berenike.apis.244,Jar Tag,Jar Tag,A.D. 50 - 75,62.0,This document was discovered in a Roman dump at Berenike.,grc,Jar; Tag; Ostraka,,Petron(ios),True
berenike.apis.245,89271,89271,o.berenike;2;245,berenike.apis.245,Jar Tag,Jar Tag,A.D. 50 - 75,62.0,This document was discovered in a Roman dump at Berenike.,grc,Jar; Tag; Ostraka,,Bernik( ),True
berenike.apis.246,89272,89272,o.berenike;2;246,berenike.apis.246,Jar Tag,Jar Tag,A.D. 50 - 75,62.0,This document was discovered in a Roman dump at Berenike.,grc,Jar; Tag; Vinegar; Ostraka,,,False
berenike.apis.247,89273,89273,o.berenike;2;247,berenike.apis.247,Jar Tag,Jar Tag,A.D. 50 - 75,62.0,This document was discovered in a Roman dump at Berenike.,grc,Jar; Tag; Ostraka,,of Justus,True
berenike.apis.248,89274,89274,o.berenike;2;248,berenike.apis.248,Jar Tag,Jar Tag,A.D. 50 - 75,62.0,This document was discovered in a Roman dump at Berenike.,grc,Jar; Tag; Ostraka,,,False
berenike.apis.249,89275,89275,o.berenike;2;249,berenike.apis.249,Jar Tag,Jar Tag,A.D. 50 - 75,62.0,This document was discovered in a Roman dump at Berenike.,la,Jar; Tag; Ostraka,,18,True
berenike.apis.25,70802,70802,o.berenike;1;25,berenike.apis.25,Order from Sosibios to Andouros,Remains of a customs pass for wine exportation.,33 - 70 A.D.?,51.0,Roman dump at Berenike.,grc,Ostraca; Order; Customs; Wine; Export,,"""Sosibios to Andouros, greetings. Let pass - - - italika of wine.""",True
berenike.apis.250,89276,89276,o.berenike;2;250,berenike.apis.250,Jar Tag,Jar Tag,IInd/Ist cent. B.C.,-100.0,This document was discovered in a Ptolemaic industrial area at Berenike.,grc,Jar; Tag; Wool; Weaving; Ostraka,,,False
berenike.apis.251,,,,berenike.apis.251,Account of Wine,Account of Wine,IInd/Ist cent. B.C.,-100.0,This document was discovered in a Roman dump at Berenike.,egy-Egyd,Wine; Ostraka; Account,,,False
berenike.apis.252,,,,berenike.apis.252,Memorandum or notice,Memorandum or notice,IInd/Ist cent. B.C.,-100.0,This document was discovered in a trench north of the Serapis Temple at Berenike.,egy-Egyd,Memorandum; Ostraka,,,False
berenike.apis.253,,,,berenike.apis.253,Uncertain Text,Uncertain text,IInd/Ist cent. B.C.,-100.0,This text was discovered in a trench north of the Serapis Temple at Berenike.,egy-Egyd,Ostraka,,,False
berenike.apis.254,,,,berenike.apis.254,Uncertain Text,Uncertain text.,A.D. 50 - 75,62.0,This document was discovered in a Roman dump at Berenike.,sem,Ostraka,,,False
berenike.apis.255,,,,berenike.apis.255,Uncertain text,Uncertain text,A.D. 50 - 75,62.0,This document was discovered in a Roman dump at Berenike.,sem,Ostraka,,,False
berenike.apis.256,,,,berenike.apis.256,Uncertain text,Uncertain text.,A.D. 50 - 75,62.0,This document was discovered in a Roman dump at Berenike.,sem,Ostraka,,,False
berenike.apis.257,,,,berenike.apis.257,Uncertain text.,Uncertain text,A.D. 50 - 75,62.0,This document was discovered in a Roman dump at Berenike.,sem,Ostraka,,,False
berenike.apis.258,,,,berenike.apis.258,Wooden Number Tag,Number tag,A.D. 50 - 75,62.0,This document was discovered in a Roman dump at Berenike.,grc,Tag; wood; Numeral,,2,True
berenike.apis.259,,,,berenike.apis.259,Stone Weight,Stone weight,A.D. 50 - 75,62.0,This instrumentum was discovered in a Roman dump at Berenike.,grc,Instrumentum; Weights,,,False
berenike.apis.26,70803,70803,o.berenike;1;26,berenike.apis.26,Order from Sosibios to Andouros,Remains of a customs pass for oil and wine exportation.,33 - 70 A.D.?,51.0,Roman dump at Berenike.,grc,Ostraca; Order; Customs; Wine; Oil,,"""Sosibios to Andouros, greetings. Let pass for Pakoibis, son of Kleitos, 4 hemikadia of oil and 4 italika of wine.""",True
berenike.apis.260,,,,berenike.apis.260,Lamp with Coptic Inscription,Lamp with Coptic Inscription,6th cent. A.D.?,549.0,This lamp was discovered in the 1998 season.,cop,lamp; Christian,,"Jesus, forgive me.",True
berenike.apis.27,70804,70804,o.berenike;1;27,berenike.apis.27,Order from Sosibios to Andouros,"Remains of a customs pass, probably for wine (?).",33 - 70 A.D.?,51.0,Roman dump at Berenike.,grc,Ostraca; Order; Customs; Export; Wine,,"""Sosibios to Andouros, greetings. Let pass ... 13 - -, 5 rhodia.""",True
berenike.apis.28,70805,70805,o.berenike;1;28,berenike.apis.28,Order from Sosibios to Andouros,Remains of a customs pass for oil and wine.,33 - 70 A.D.?,51.0,Roman dump at Berenike.,grc,Ostraca; Order; Customs; Oil; Wine,,"""Sosibios to Andouros, greetings. Let pass for Armios, son of D--, 6 hemikadia of oil, 2 italika of wine.""",True
berenike.apis.29,70806,70806,o.berenike;1;29,berenike.apis.29,Order from Sosibios to Andouros,Remains of a customs pass for wine exportation.,33 - 70 A.D.?,51.0,Roman dump at Berenike.,grc,Ostraca; Order; Customs; Wine; Export,,"""Sosibios to Andouros, greetings. Let pass for Psenmouthes, son of Horos, 6 italika of wine.""",True
berenike.apis.3,70780,70780,o.berenike;1;3,berenike.apis.3,Order from Sosibios to Andouros,Remains of a customs pass for wine exportation.,33 - 70 A.D.?,51.0,Roman dump at Berenike.,grc,Ostraca; Order; Customs; Export,,"""Sosibios to Andouros, greetings. Let pass for Paeris, son of Naucles - """,True
berenike.apis.30,70807,70807,o.berenike;1;30,berenike.apis.30,Order from Sosibios to Andouros,Remains of a customs pass for wine exportation.,33 - 70 A.D.?,51.0,Roman dump at Berenike.,grc,Ostraca; Order; Customs; Export; Wine,,"""Sosibios to Andouros, greetings. Let pass for K--- 16 italika of wine.""",True
berenike.apis.31,70808,70808,o.berenike;1;31,berenike.apis.31,Order from Sosibios to Andouros,Remains of a customs pass for wine exportation.,33 - 70 A.D.?,51.0,Roman dump at Berenike.,grc,Ostraca; Order; Customs; Export; Wine,,"""Sosibios to Andouros, greetings. Let pass for NN 8 italika of wine.""",True
berenike.apis.32,70809,70809,o.berenike;1;32,berenike.apis.32,Order from Sosibios to Andouros,Remains of a customs pass for wine exportation.,33 - 70 A.D.?,51.0,Roman dump at Berenike.,grc,Ostraca; Order; Customs; Wine; Export,,"""Sosibios to Andouros, greetings. Let pass for NN - italika of wine.""",True
berenike.apis.33,70810,70810,o.berenike;1;33,berenike.apis.33,Order from Sosibios to Andouros,Remains of a customs pass.,33 - 70 A.D.?,51.0,Roman dump at Berenike.,grc,Ostraca; Order; Customs; Export,,"""Sosibios to Andouros, greetings. Let pass for Kron- ...""",True
berenike.apis.34,70811,70811,o.berenike;1;34,berenike.apis.34,Order from Sosibios to Andouros,Remains of a customs pass for wine exportation.,33 - 70 A.D.?,51.0,Roman dump at Berenike.,grc,Ostraca; Order; Customs; Wine; Export,,"""Sosibios to Andouros, greetings. Let pass 6 italika of wine for Petarpochrates.""",True
berenike.apis.35,70812,70812,o.berenike;1;35,berenike.apis.35,Order from Sosibios to Andouros,Remains of a customs pass for wine exportation.,33 - 70 A.D.?,51.0,Roman dump at Berenike.,grc,Ostraca; Order; Customs; Export; Wine,,"""Sosibios to Andouros, greetings. Let pass for Kronios, son of Pisois, 12 italika of wine.""",True
berenike.apis.36,70813,70813,o.berenike;1;36,berenike.apis.36,Order from Rhobaos to the Customs Officials,Remains of a customs pass for wine exportation.,33 - 70 A.D.?,51.0,Roman dump at Berenike.,grc,Ostraca; Order; Customs; Wine; Export,,"""Rhobaos to those in charge of the customs gate, greetings. Let pass for Haryothes for outfitting, 8 rhodia.""",True
berenike.apis.37,70814,70814,o.berenike;1;37,berenike.apis.37,Order from Rhobaos to the Customs Officials,Remains of a customs pass.,33 - 70 A.D.?,51.0,Roman dump at Berenike.,grc,Ostraca; Order; Customs; Export,,"""Rhobaos to those in charge of the customs gate, greetings. Let pass for --""",True
berenike.apis.38,70815,70815,o.berenike;1;38,berenike.apis.38,Order from Rhobaos to the Customs Officials,Remains of a customs pass for wine exportation.,33 - 70 A.D.?,51.0,Roman dump at Berenike.,grc,Ostraca; Order; Customs; Wine; Export,,"""Rhobaos to those in charge of the customs gate, greetings. Let pass for Psenosiris, son of Leon, for outfitting, 8 italika of wine.""",True
berenike.apis.39,70816,70816,o.berenike;1;39,berenike.apis.39,Order from Rhobaos to the Customs Officials,Remains of a customs pass for wine exportation.,33 - 70 A.D.?,51.0,Roman dump at Berenike.,grc,Ostraca; Order; Customs; Wine; Export,,"""Rhobaos to those in charge of the customs gate, greetings. Let pass for Herakles for outfitting, 20 koilopomata of Italian wine and 28 ladikena.""",True
berenike.apis.4,70781,70781,o.berenike;1;4,berenike.apis.4,Order from Sosibios to Andouros,Remains of a customs pass for oil exportation.,33 - 70 A.D.?,51.0,Roman dump at Berenike.,grc,Ostraca; Order; Customs; Oil; Export,,"""Sosibios to Andouros, greetings. Let pass for Pikos, son of Kastor, 4 - - -, 5 monthly provisions (of Kibyratic quince water?) - - - 7 italika of oil.""",True
berenike.apis.40,70817,70817,o.berenike;1;40,berenike.apis.40,Order from Rhobaos to the Customs Officials,Remains of a customs pass for wine exportation.,33 - 70 A.D.?,51.0,Roman dump at Berenike.,grc,Ostraca; Order; Customs; Wine; Export,,"""Rhobaos to those in charge of the customs gate, greetings. Let pass for Lucius, son of Inaros, for outfitting, 6 keramia of Italian wine, ... and for Andouros.""",True
berenike.apis.41,70818,70818,o.berenike;1;41,berenike.apis.41,Order from Rhobaos to the Customs Officials,Remains of a customs pass for wine exportation.,33 - 70 A.D.?,51.0,Roman dump at Berenike.,grc,Ostraca; Order; Customs; Export; Wine,,"""Rhobaos to those in charge of the customs gate, greetings. Let pass for Haryothes, son of Apollo-, for outfitting, 4 ladikena.""",True
berenike.apis.42,70819,70819,o.berenike;1;42,berenike.apis.42,Order from Rhobaos to the Customs Officials,Remains of a customs pass for wine exportation.,33 - 70 A.D.?,51.0,Roman dump at Berenike.,grc,Ostraca; Order; Customs; Wine; Export,,"""Rhobaos to those in charge of the customs gate, greetings. Let pass for Petermenis, son of Paminis, 8 ladikena of wine for outfitting.""",True
berenike.apis.43,70820,70820,o.berenike;1;43,berenike.apis.43,Order from Rhobaos to the Customs Officials,Remains of a customs pass for oil and wine.,33 - 70 A.D.?,51.0,Roman dump in Berenike.,grc,Ostraca; Order; Customs; Wine; Oil,,"""Rhobaos to those in charge of the customs gate, greetings. Let pass for NN, - of oil and 1 - -, -- Ptolema(it)ic monthly provisions - -.""",True
berenike.apis.44,70821,70821,o.berenike;1;44,berenike.apis.44,Order from Rhobaos to the Customs Officials,Remains of a customs pass.,33 - 70 A.D.?,51.0,Roman dump at Berenike.,grc,Ostraca; Order; Customs; Export,,"""Rhobaos to those in charge of the customs gate, greetings. Let pass for - -""",True
berenike.apis.45,70822,70822,o.berenike;1;45,berenike.apis.45,Order from Rhobaos to the Customs Officials,Remains of a customs pass.,33 - 70 A.D.?,51.0,Roman dump at Berenike.,grc,Ostraca; Order; Customs; Export,,"""Rhobaos to those in charge of the customs gate, greetings. Let pass for Psen... for outfitting - - -""",True
berenike.apis.46,70823,70823,o.berenike;1;46,berenike.apis.46,Order from Rhobaos to the Customs Officials,Remains of a customs pass for wine exportation.,33 - 70 A.D.?,51.0,Roman dump at Berenike.,grc,Ostraca; Order; Customs; Wine; Export,,"""Rhobaos to those in charge of the customs gate, greetings. Let pass for Petearouris, son of Peteasmephis, 4 ladikena of wine for outfitting.""",True
berenike.apis.47,70824,70824,o.berenike;1;47,berenike.apis.47,Order from Rhobaos to the Customs Officials,Remains of a customs pass for wine exportation.,33 - 70 A.D.?,51.0,Roman dump at Berenike.,grc,Ostraca; Order; Customs; Wine; Export,,"""Rhobaos to those in charge of the customs gate, greetings. Let pass for Petsiris -- italika of wine for outfitting.""",True
berenike.apis.48,70825,70825,o.berenike;1;48,berenike.apis.48,Order from Rhobaos to the Customs Officials,Remains of a customs pass for wine exportation.,33 - 70 A.D.?,51.0,Roman dump at Berenike.,grc,Ostraca; Order; Customs; Export; Wine,,"""Rhobaos to those in charge of the customs gate, greetings. Let pass for NN, son of -touris, for outfitting, 1 rhodion.""",True
berenike.apis.49,70826,70826,o.berenike;1;49,berenike.apis.49,Order from Rhobaos to the Customs Officials,Remains of a customs pass for wine exportation.,33 - 70 A.D.?,51.0,Roman dump at Berenike.,grc,Ostraca; Order; Customs; Wine; Export,,"""Rhobaos to those in charge of the customs gate, greetings. Let pass for Peteminis for outfitting 8 ladikena.""",True
berenike.apis.5,70782,70782,o.berenike;1;5,berenike.apis.5,Order from Sosibios to Andouros,Remains of a customs pass for wine exportation.,33 - 70 A.D.?,51.0,Roman dump at Berenike.,grc,Ostraca; Order; Customs; Wine; Export,,"""Sosibios to Andouros, greetings. Let pass for Psemouchis, son of NN, 10 italika of wine.""",True
berenike.apis.50,70827,70827,o.berenike;1;50,berenike.apis.50,"Order to Andouros, the quintanensis",Remains of a customs pass for wine exportation.,33 - 70 A.D.?,51.0,Roman dump at Berenike.,grc,Ostraca; Order; Customs; Wine; Export,,""".aidouros to Andouros, quintanensis, ... let pass for Heroninos, the soldier of Claudius Dorion, for outfitting, four italika, total 4 ital.""",True
berenike.apis.51,70828,70828,o.berenike;1;51,berenike.apis.51,"Order to Andouros, the quintanensis",Remains of a customs pass for wine exportation.,33 - 70 A.D.?,51.0,Roman dump at Berenike.,grc,Ostraca; Order; Customs; Wine; Export,,"""To Andourous, quintanensis, let pass of Tiberius Claudius [[Achilleus]] Dorion, for Paouos, son of Paous, ten italika, total 10 ital.""",True
berenike.apis.52,70829,70829,o.berenike;1;52,berenike.apis.52,"Order to Andouros, the quintanensis",Remains of a customs pass.,33 - 70 A.D.?,51.0,Roman dump at Berenike.,grc,Ostraca; Order; Customs; Export,,"""To Andouros, quintanensis, let pass of Tiberius Claudius Dorion, for Tithoes, son of Pakoibis, ---.""",True
berenike.apis.53,70830,70830,o.berenike;1;53,berenike.apis.53,"Order to Andouros, the quintanensis",Remains of a customs pass for wine exportation.,33 - 70 A.D.?,51.0,Roman dump at Berenike.,grc,Ostraca; Order; Customs; Wine; Export,,"""To Andouros, quintanensis, let pass of Tiberius Claudius Dorion, for Pakoibis, son of Aristoboulos, fourteen italika, total 14 ital.""",True
berenike.apis.54,70831,70831,o.berenike;1;54,berenike.apis.54,"Order to Andouros, the quintanensis",Remains of a customs pass for wine exportation.,33 - 70 A.D.?,51.0,Roman dump at Berenike.,grc,Ostraca; Order; Customs; Wine; Export,,"""Tiberios ... to [Andouros?], quintanensis: admit into ... of Ptolemaios ... two --- of Italian wine ...""",True
berenike.apis.55,70832,70832,o.berenike;1;55,berenike.apis.55,"Order to Andouros, the quintanensis",Remains of a customs pass for wine exportation.,33 - 70 A.D.?,51.0,Roman dump at Berenike.,grc,Ostraca; Order; Customs; Wine; Export,,"""To Andouros, quintanensis, let pass of Tiberius Claudius Dorion, for Quintus Aretinus Felix, four italika, total 4 ital.""",True
berenike.apis.56,70833,70833,o.berenike;1;56,berenike.apis.56,"Order to Andouros, the quintanensis",Remains of a customs pass for wine exportation.,33 - 70 A.D.?,51.0,Roman dump at Berenike.,grc,Ostraca; Order; Customs; Export; Wine,,"""To Andouros, quintanensis, let pass of Tiberius Claudius Dorion, for NN, son of Haryothes, -- italika ...""",True
berenike.apis.57,70834,70834,o.berenike;1;57,berenike.apis.57,"Order to Andouros, the quintanensis",Remains of a customs pass for wine exportation.,33 - 70 A.D.?,51.0,Roman dump at Berenike.,grc,Ostraca; Order; Customs; Wine; Export,,"""To Andouros, quintanensis, let pass of Tiberius Claudius Dorion, for Pakoibis, son of Horos, four italika, total 4 ital.""",True
berenike.apis.58,70835,70835,o.berenike;1;58,berenike.apis.58,"Order to Andouros, the quintanensis",Remains of a customs pass.,33 - 70 A.D.?,51.0,Roman dump at Berenike.,grc,Ostraca; Order; Customs; Export,,"""To Andouros, quintanensis, let pass of Tiberius Claudius Dorion, for -- ...""",True
berenike.apis.59,70836,70836,o.berenike;1;59,berenike.apis.59,"Order to Andouros, the quintanensis","Remains of a customs pass, most likely for wine exportation.",33 - 70 A.D.?,51.0,Roman dump at Berenike.,grc,Ostraca; Order; Customs; Wine; Export,,"""To Andouros, quintanensis, greetings. Let pass of Tiberius Claudius Dorion, for Peteminis ... three (?) italika, total 3 ital.""",True
berenike.apis.6,70783,70783,o.berenike;1;6,berenike.apis.6,Order from Sosibios to Andouros,Remains of a customs pass for wine exportation.,33 - 70 A.D.?,51.0,Roman dump at Berenike.,grc,Ostraca; Order; Customs; Wine; Export,,"""Sosibios to Andouros, greetings. Let pass for NN, 6 italika of wine.""",True
berenike.apis.60,70837,70837,o.berenike;1;60,berenike.apis.60,"Order to Andouros, the quintanensis",Remains of a customs pass for wine exportation.,33 - 70 A.D.?,51.0,Roman dump at Berenike.,grc,Ostraca; Order; Customs; Wine; Export,,"""To Andouros, quintanensis, let pass of Tiberius Claudius Dorion, for - -, two italika, total 2 ital.""",True
berenike.apis.61,70838,70838,o.berenike;1;61,berenike.apis.61,"Order to Andouros, the quintanensis",Remains of a customs pass for wine exportation.,33 - 70 A.D.?,51.0,Roman dump at Berenike.,grc,Ostraca; Order; Customs; Wine; Export,,"""To Andouros, quintanensis, let pass of Tiberius Claudius Dorion, for Pete..., two italika of wine, total 2 ital.""",True
berenike.apis.62,70839,70839,o.berenike;1;62,berenike.apis.62,"Order to Andouros, the quintanensis",Remains of a customs pass.,33 - 70 A.D.?,51.0,Roman dump at Berenike.,grc,Ostraca; Order; Customs; Export,,"""To Andouros, quintanensis, let pass ...""",True
berenike.apis.63,70840,70840,o.berenike;1;63,berenike.apis.63,"Order to Andouros, the quintanensis",Remains of a customs pass.,33 - 70 A.D.?,51.0,Roman dump at Berenike.,grc,Ostraca; Order; Customs; Export,,"""To Andouros, quintanensis, let pass of Tiberius Claudius Dorion, for ---""",True
berenike.apis.64,70841,70841,o.berenike;1;64,berenike.apis.64,"Order to Andouros, the quintanensis",Remains of a customs pass for wine exportation.,33 - 70 A.D.?,51.0,Roman dump at Berenike.,grc,Ostraca; Order; Customs; Wine; Export,,"""To Andouros, quintanensis, let pass of Tiberius Claudius Dorion, for Haryothes, son of NN, four ladikena, total 4 ladikena.""",True
berenike.apis.65,70842,70842,o.berenike;1;65,berenike.apis.65,"Order to Andouros, the quintanensis",Remains of a customs pass.,33 - 70 A.D.?,51.0,Roman dump at Berenike.,grc,Ostraca; Order; Customs; Export,,"""To Andouros, quintanensis, let pass of Tiberius Claudius Dorion ...""",True
berenike.apis.66,70843,70843,o.berenike;1;66,berenike.apis.66,"Order to Andouros, the quintanensis",Remains of a customs pass for wine exportation.,33 - 70 A.D.?,51.0,Roman dump at Berenike.,grc,Ostraca; Order; Customs; Wine; Export,,"""To Andouros, quintanensis, let pass of Tiberius Claudius Dorion, for NN, son of Pakoibis, -- italika of wine.""",True
berenike.apis.67,70844,70844,o.berenike;1;67,berenike.apis.67,"Order to Andouros, the quintanensis",Remains of a customs pass?,33 - 70 A.D.?,51.0,Roman dump at Berenike.,grc,Ostraca; Order; Customs; Export,,"""To Andouros?, quintanensis? ... for Psenosiris, son of P- ...""",True
berenike.apis.68,70845,70845,o.berenike;1;68,berenike.apis.68,Order from Herak- to Drakon,Remains of a customs pass.,33 - 70 A.D.?,51.0,Roman dump at Berenike.,grc,Ostraca; Order; Customs; Export,,"""Herak( ) to Drakon, son of Peisipmous ... release for A-- for outfitting the (ships) of Varus ... total, ... 20.""",True
berenike.apis.69,70846,70846,o.berenike;1;69,berenike.apis.69,Order from Herak- to Drakon,Remains of a customs pass.,33 - 70 A.D.?,51.0,Roman dump at Berenike.,grc,Ostraca; Order; Customs; Export,,"""Herak( ) to Drakon, release for --- son of Haryothes, for the (ships) of Varus, for outfitting, 4 myret( ).""",True
berenike.apis.7,70784,70784,o.berenike;1;7,berenike.apis.7,Order from Sosibios to Andouros,Remains of a customs pass for wine exportation.,33 - 70 A.D.?,51.0,Roman dump at Berenike.,grc,Ostraca; Order; Customs; Wine; Export,,"""Sosibios to Andouros, greetings. Let pass for Tithoes, son of Hatres .. italika of wine.""",True
berenike.apis.70,70847,70847,o.berenike;1;70,berenike.apis.70,Order from Herak- to Drakon,Remains of a customs pass for wine exportation.,33 - 70 A.D.?,51.0,Roman dump at Berenike.,grc,Ostraca; Order; Customs; Wine; Export,,"""Herak( ) to Drakon, son of Peisipmouis, koud( ), release for Pakoibis, son of Maros, for outfitting of Varus, four ladikena, total 4.""",True
berenike.apis.71,70848,70848,o.berenike;1;71,berenike.apis.71,Order from Herak- to Drakon,Remains of a customs pass for wine exportation.,33 - 70 A.D.?,51.0,Roman dump at Berenike.,grc,Ostraca; Order; Customs; Wine; Export,,"""Herak( ) to Drakon, son of Peisipmous, koud( ), release for Peteasmephis, son of Horos, for the outfitting of the (ships) of Varus, six koilopomata, total 6.""",True
berenike.apis.72,70849,70849,o.berenike;1;72,berenike.apis.72,Order from Herak- to Drakon,Remains of customs pass for oil exportation.,33 - 70 A.D.?,51.0,Roman dump at Berenike.,grc,Ostraca; Order; Customs; Oil; Export,,"""Herak( ) to Drakon, release for Psenosiris, son of Petearch( ), for Varus, for outfitting, four hemikadia, total 4.""",True
berenike.apis.73,70850,70850,o.berenike;1;73,berenike.apis.73,Order from Herak- to Drakon,Remains of a customs pass for wine exportation.,33 - 70 A.D.?,51.0,Roman dump at Berenike.,grc,Ostraca; Order; Customs; Wine; Export,,"""Herak( ) to Drakon, release for Pse... for the (ships) of Varus, for outfitting, - ladikena.""",True
berenike.apis.74,70851,70851,o.berenike;1;74,berenike.apis.74,Order from Herak- to Drakon,Remains of a customs pass for wine exportation.,33 - 70 A.D.?,51.0,Roman dump at Berenike.,grc,Ostraca; Order; Customs; Wine; Export,,"""Herak( ) to Drakon, release for Eponychos, son of ---is, for (the ships of Varus?) for outfitting, two italika of wine, ... two italika.""",True
berenike.apis.75,70852,70852,o.berenike;1;75,berenike.apis.75,Order from Herak- to Drakon,Remains of a customs pass for oil exportation.,33 - 70 A.D.?,51.0,Roman dump at Berenike.,grc,Ostraca; Order; Customs; Oil; Export,,"""Herak( ) to Drakon, son of Peisipmous, koud( ), release for Chennas for the (ships) of Varus, for outfitting, 1 load of oil, total 1 load.""",True
berenike.apis.76,70853,70853,o.berenike;1;76,berenike.apis.76,Order from Herak- to Drakon,Remains of a customs pass for wine(?) export.,33 - 70 A.D.?,51.0,Roman dump at Berenike.,grc,Ostraca; Order; Customs; Wine; Export,,"""Herak( ) to Drakon, son of Peisipmous, koud( ), release for outfitting of the (ships) of Varus, for --, son of Psenosiris, ... four ladikena.""",True
berenike.apis.77,70854,70854,o.berenike;1;77,berenike.apis.77,Order from Herak- to Drakon,Remains of a customs pass,33 - 70 A.D.?,51.0,Roman dump at Berenike.,grc,Ostraca; Order; Customs; Export,,"""Herak( ) to Drakon, son of Peisipmous, koud( ), release for outfitting of the (ships) of Varus ...""",True
berenike.apis.78,70855,70855,o.berenike;1;78,berenike.apis.78,Order from Herak- to Drakon,"Remains of a customs pass for the exportation of sundry goods, including wine.",33 - 70 A.D.?,51.0,Roman dump at Berenike.,grc,Ostraca; Order; Customs; Export; Wine,,"""Herak( ) to Drakon, release for Tithoes, son of Pakoibis, of the (ships) of Varus, for outfitting, five koilopomata of onions, three platysmata, and 3 rations and 4 ladikena.""",True
berenike.apis.79,70856,70856,o.berenike;1;79,berenike.apis.79,Order for Herak- to Drakon,Remains of a customs pass for wine exportation.,33 - 70 A.D.?,51.0,Roman dump at Berenike.,grc,Ostraca; Order; Customs; Wine; Export,,"""Herak( ) to Drakon, son of Peisipmous, koud( ), release for Nik... of the (ships) of Varus, for outfitting, thirty ladikena, total 30.""",True
berenike.apis.8,70785,70785,o.berenike;1;8,berenike.apis.8,Order from Sosibios to Andouros,Remains of a customs pass for wine exportation.,33 - 70 A.D.?,51.0,Roman dump at Berenike.,grc,Ostraca; Order; Customs; Wine; Export,,"""Sosibios to Andouros, greetings. Let pass for Psenosiris, son of Horos ... 20 ladikena and ...""",True
berenike.apis.80,70857,70857,o.berenike;1;80,berenike.apis.80,Memorandum for the account of Gaius Iulius Epaphroditos,Remains of a customs document.,33 - 70 A.D.?,51.0,Roman dump at Berenike.,grc,Ostraca; Memorandum; Customs,,"""... for the account of Gaius Iulius Epaphroditos.""",True
berenike.apis.81,70858,70858,o.berenike;1;81,berenike.apis.81,Memorandum for the account of Gaius Iulius Epaphroditos,Remains of a customs document for wine exportation.,33 - 70 A.D.?,51.0,Roman dump at Berenike.,grc,Ostraca; Memorandum; Customs; Wine; Export,,"""Herakles, son of Hermias, 6 ladikena of wine for the account of Gaius Iulius Ephaphroditos, for outfitting.""",True
berenike.apis.82,70859,70859,o.berenike;1;82,berenike.apis.82,Memorandum for the account of Gaius Iulius Epaphroditos,Remains of a customs document for wine exportation.,33 - 70 A.D.?,51.0,Roman dump at Berenike.,grc,Ostraca; Memorandum; Customs; Wine; Export,,"""Peteasmephis ... ladikena of wine ... for the account of Gaius Iulius Epaphroditos.""",True
berenike.apis.83,70860,70860,o.berenike;1;83,berenike.apis.83,Memorandum for the account of Gaius Iulius Epaphroditos,Remains of a customs document for wine exportation.,33 - 70 A.D.?,51.0,Roman dump at Berenike.,grc,Ostraca; Memorandum; Customs; Wine; Export,,"""Petermenis, son of Paminis, 4 ladikena of wine of Gaius Iulius Epaphroditos, for outfitting.""",True
berenike.apis.84,70861,70861,o.berenike;1;84,berenike.apis.84,Memorandum for the account of Gaius Iulius Epaphroditos,Remains of a customs document for wine exportation.,33 - 70 A.D.?,51.0,Roman dump at Berenike.,grc,Ostraca; Memorandum; Customs; Wine; Export,,"""Herakles, son of Hermias, 4 koilopomata of Italian wine for the account of Gaius Iulius Epaphroditos, for outfitting.""",True
berenike.apis.85,70862,70862,o.berenike;1;85,berenike.apis.85,Memorandum for the account of Gaius Iulius Epaphroditos,Remains of a customs document for wine exportation.,33 - 70 A.D.?,51.0,Roman dump at Berenike.,grc,Ostraca; Memorandum; Customs; Wine; Export,,"""--- of wine for the account of Gaius Iulius Epaphroditos, for outfitting.""",True
berenike.apis.86,70863,70863,o.berenike;1;86,berenike.apis.86,"Order from Serapion to Andouros, the quintanensis",Remains of a customs document for wine exportation.,33 - 70 A.D.?,51.0,Roman dump at Berenike.,grc,Ostraca; Order; Customs; Wine; Export,,"""Serapion to Pisipmous and Andouros, quintanensis, greetings. Let pass for NN, son of Pakoibis, 30 --- of wine, which is being loaded onto the ship (?) Gymnasiarchis.""",True
berenike.apis.87,70864,70864,o.berenike;1;87,berenike.apis.87,"Order from Serapion to Andouros, the quintanensis",Remains of a customs pass for the exportation of wine and sundy other commodities.,33 - 70 A.D.?,51.0,Roman dump at Berenike.,grc,Ostraca; Camel; Customs; Wine; Oil,,"""Serapion to Pisiphmois and Andouros, greetings. Let pass for Kallo( ), son of Haryothes, camel driver of Machatas, of the men of Antaios, son of Apion, 4 Laodicean jars of wine and 4 hemikadia of oil and 2 lykia and 1 Rhodian jar of sweet wine (?) and two ephesia, total 2, and 1 ... of vinegar and 1 (jar) of beets and two metretai of ..., total 2.""",True
berenike.apis.88,70865,70865,o.berenike;1;88,berenike.apis.88,"Order from Serapion to Andouros, the quintanensis","Remains of a customs pass, probably for wine exportation.",33 - 70 A.D.?,51.0,Roman dump at Berenike.,grc,Ostraca; Order; Customs; Wine; Export,,"""Serapion to Pisipmous and Andouros, greetings. Let pass for NN ... of the men of Antaios, son of Apion, 7 (?) ladikena of local (wine?), which are being loaded onto ...""",True
berenike.apis.89,70866,70866,o.berenike;1;89,berenike.apis.89,Order from Claudius Philetos,Remains of a customs pass for wine exportation.,33 - 70 A.D.?,51.0,Roman dump at Berenike.,grc,Ostraca; Order; Customs; Wine; Export,,"""Claudius Philetos to those in charge of the customs gate. ... of the customs controller ... 20 -- of Italian wine, total 20.""",True
berenike.apis.9,70786,70786,o.berenike;1;9,berenike.apis.9,Order from Sosibios to Andouros,Remains of a customs pass for wine exportation.,33 - 70 A.D.?,51.0,Roman dump at Berenike.,grc,Ostraca; Order; Customs; Wine; Export,,"""Sosibios to Andouros, greetings. Let pass for Herak(l- ), son of Haryothes, 16 italika of wine.""",True
berenike.apis.90,70867,70867,o.berenike;1;90,berenike.apis.90,Order from Claudius Philetos,Remains of a customs pass for wine exportation.,33 - 70 A.D.?,51.0,Roman dump at Berenike.,grc,Ostraca; Order; Customs; Wine; Export,,"""Claudius Philetos to those in charge of the customs gate, greetings. Let pass for Tithoes, son of Haronnophris, eleven italika of wine, total 11.""",True
berenike.apis.91,70868,70868,o.berenike;1;91,berenike.apis.91,Order from Claudius Philetos,Remains of a customs pass for wine exportation.,33 - 70 A.D.?,51.0,Roman dump at Berenike.,grc,Ostraca; Order; Customs; Wine; Export,,"""Claudius Philetos to those in charge of the customs gate. Let pass for Psenosiris, son of Chessotes, eight aminnaea of wine, total 8.""",True
berenike.apis.92,70869,70869,o.berenike;1;92,berenike.apis.92,Order from Claudius Philetos?,Remains of a customs pass for wine exportation.,33 - 70 A.D.?,51.0,Roman dump at Berenike.,grc,Ostraca; Order; Customs; Wine; Export,,"""Claudius Philetos, to those in charge of the customs gate. Let pass for Tithoes (?), son of Haronnophris, four ladiken of wine.""",True
berenike.apis.93,70870,70870,o.berenike;1;93,berenike.apis.93,Customs Order?,Remains of a customs pass for wine exportation?,33 - 70 A.D.?,51.0,Roman dump at Berenike.,grc,Ostraca; Order; Customs; Wine; Export,,,False
berenike.apis.94,70871,70871,o.berenike;1;94,berenike.apis.94,Customs Order,Remains of a customs pass for wine and oil exportation.,33 - 70 A.D.?,51.0,Roman dump at Berenike.,grc,Ostraca; Order; Customs; Wine; Oil,,"""Ploutarchos, son of Ammonios, trader. Let pass for Pausiris, son of Horos, ten italika of wine, and ten ladikena of wine, ten hemikadia of oil.""",True
berenike.apis.95,70872,70872,o.berenike;1;95,berenike.apis.95,Customs Order?,Remains of a customs document.,33 - 70 A.D.?,51.0,Roman dump at Berenike.,grc,Ostraca; Order; Customs; Export,,,False
berenike.apis.96,70873,70873,o.berenike;1;96,berenike.apis.96,Customs Order,Remains of a customs pass for wine exportation.,33 - 70 A.D.?,51.0,Roman dump at Bernike.,grc,Ostraca; Order; Customs; Wine; Export,,,False
berenike.apis.97,70874,70874,o.berenike;1;97,berenike.apis.97,Document,Remains of a document with an amount denominated in denarii.,IV AD?,349.0,Roman dump at Berenike.,grc,Ostraca; Document; Money; Army,,,False
berenike.apis.98,70875,70875,o.berenike;1;98,berenike.apis.98,List,Remains of a list of personal names.  Perhaps an account.,33 - 70 A.D.?,51.0,Roman dump at Berenike.,grc,Ostraca; List; Account,,,False
berenike.apis.99,70876,70876,o.berenike;1;99,berenike.apis.99,Document,Remains of a document of an uncertain character.,33 - 70 A.D.?,51.0,Roman dump at Berenike.,grc,Ostraca; Document; Jewish; Measuring,,,False
