doc_id,hgv_id,tm_id,ddb_hybrid,filename,date_text,date_year_approx,provenance,language,transcription_text,translation_text,has_translation
p.iand.zen.1,4205,4205,p.iand.zen;;1,p.iand.zen.1,256 BC,-256.0,Philadelphia,grc,"βασιλεύοντος Πτολεμαίου τοῦ Πτολεμαίου Σωτῆρος ἔτους ἐφʼ ἱερέως τοῦ Ἀλεξάνδρου καὶ θεῶν Ἀδελφῶν, κανηφόρου Ἀρσινόης Φιλαδέλφου τῆς , μηνὸς , Αἰγυπτίων δὲ ἐξέλαβ ε ο ν Σισ ς ὁ τοῦ καὶ Ἁρμάις καὶ Πᾶσις καὶ Κε λ εκ ς παρὰ Ζήνωνος τοῦ Ἀγρεοφῶντος Καυνίου τῶν περὶ Ἀπολλώνιον τὸν διοικητὴν ἀπὸ τῶν δεδομένων παρὰ τοῦ βασιλέως ἐν τῶι Ἀρσινοίτηι νομῶι κατὰ Φιλαδέλφειαν Ἀπολλωνίωι τῶι διοικητῆι ἀρου ρῶν μ υρίων γῆς σπορίμου ἐν τῶι περιχώματι τῶι ἀπὸ βορρᾶ πρὸς νότον ἀρού ρας ρ εἰς ἐνιαυτόν, ἑκάστην ἄρου ραν πρὸς πυρὸν ἀν ὰ ἀρ τάβας ζ ἀκίνδυνον καὶ ἀνυπόλογον παντὸς ὑπολόγου. δοθήσεται δὲ εἰς μὲν τὴν πυρο φόρον σπέρμα τῆι ἀρού ρηι ἀρ τάβης ἥμισυ , εἰς δὲ τὴν κριθοφόρον κατὰ λόγον καὶ εἰς ἀνήλωμα ἑκάστηι ἀρού ρηι κρ ιθῆς ἀρ τάβη α καὶ εἰς βοτανισμὸν κρ ιθῆς ἀρ τάβης ἥμισυ καὶ εἰς ξυλοκοπίαν, ἐὰν ἐμπίπτηι κοπὰς, ὅσον ἂν συγκριθῆι ἱκανὸν εἶναι δίδοσθαι εἰς ἑκάστην ἀρου ρῶν . ἀπομετρείτω σαν δὲ Σισ ς καὶ Ἁρμάις καὶ Πᾶσις καὶ Κε λ εκ ς τὸν σῖτον εἰς τὸ ἐκφόριον ἐν τῶι ἐν Φιλαδελφείαι θησαυρῶι κ α τὰ τὸ σιτολο γ ικὸν διάγραμμα ἐμ μηνὶ τῶι ἐν τῶι ἔτει , ὡσαύτως δὲ καὶ ὃ ν ἂν λαβ ηι ωσι σῖτον εἰ ς σπέρμα καὶ βοτανισμὸν καὶ ἀνήλωμα καὶ ὅσον ἂν ἀργύριον εἰς τ ὴ ν κοπάδα δ ανείσ η ων ται ἢ σῖτον ἀντὶ τοῦ ἀργυρίου, τῶν μὲν πυ ρῶν τὴν ἀρ τάβην πρὸς χα λ κ ὸν δραχμὴν α διώβολον , τῆς δὲ κρ ιθῆς κατὰ λόγον. κατασπειράτω σαν δὲ Σισ ς καὶ Ἁρμάις καὶ Πᾶσις καὶ Κ ελ ε ς ἧς ἐξειλήφ εν ασι γ ῆ ς τὰ μὲν δύο μέρη πυρῶι, τὸ δὲ τρίτον μέρος κριθῆι. ἐὰν δὲ μὴ ποι ηι ῶσι καθὰ συνεγράψα ν το, ἐξέστω Ζήνωνι ἑτέροις ἀπομισθοῦν τὴν γῆν. τὸ δὲ βλάβος, ὃ ἂν κα ταβ λαψ ηι ωσι τὴν Ἀ πολλωνίου πρόσοδον ἢ πρὸς τὸ ἐκφόριον καὶ τὰ δάνεια, ὃ ἂν προσοφειλησ ηι ωσι , ἀποτεισάτω σαν Ζήνωνι παραχρῆμα ἡμιόλιον. ἡ δὲ πρᾶξις ἔ στω Ζήνωνι ἢ ἄλλωι ὑπὲρ αὐτοῦ πράσσοντι ἔκ τε αὐτ ου ῶν καὶ τῶν ἐγγύων καὶ ἐκ τῶν ὑπαρχόντω ν αὐτ ωι οῖς πάντων καὶ ἐξ ἑνὸς καὶ ἐκ πάντων ὡς πρὸς βασιλικά. ἔγγυοι τῶν κατὰ τ ὴν συγγραφὴν εἰς ἔ κτεισιν οἱ συγγεγραμμένοι ἀλλήλων καὶ Ἡδύλος Δίωνος Τύριος τ ῶν περὶ Ἀπολλώνιον τὸν διοικητήν. ἡ δὲ συγγραφὴ ἥδε κυρία ἔστω, οὗ ἂν ἐπιφέρηται. μάρτυρες· Δᾶμις Κλ έωνος, Σώστρατος Κλέωνος, οἱ δύο Ἑλένειοι, Θεόπομπος Ἀριστίωνος Θεσσαλὸς ἰατρός, Διόδωρο ς Ζωπύρου Μάγνης τῶν περὶ Ἀπολ λώνιον τὸν διοικητήν, Ἀγαθῖνος Πύρρου Κυρηναῖος τῶ ν ἐπέργων, Ἄνοσις Θοτορχῆτος Σα ίτης κωμογραμματεὺς ἐν Φιλαδελφείαι. παρὰ Δάμιδι. γε Σισ ο υ Ἁρμάιος Πάσιτος Κε λ ε τ ος ἄρου ραι ρ ἀν ὰ ζ .",,False
p.iand.zen.10,110064,110064,p.iand.zen;;10,p.iand.zen.10,,,,grc,χ αί ρειν . πυ νθ ά νομ αι τά τε χλωρ ὰ μ τ η κ α γ ενομε ν μ αι μ ενον κ τα ν μίσθωσ ι ν μηθὲν ἀπολειπον λείπετ αι τι διὰ εἰς τὸν σ π όρ ο ν τα δραχμ ε νήνοχεν. ἔρρωσο. ἔτους λ Δύ σ τρου ια Μεχεὶρ,,False
p.iand.zen.11,110065,110065,p.iand.zen;;11,p.iand.zen.11,,,,grc,"τῆς γ ῆς ς ἔτι οὖν καὶ ν ῦν ἤδη παρ ε σ θαι, ὁμοίως δὲ κα ὶ τῆς λοι πῆς γῆς τῆς ἐσπ α ρμένης τὸ κατὰ φύλλον. ἔρρ ωσο. ἔτους λβ Δύστ ρο υ κ δ Φαμενὼθ κ",,False
p.iand.zen.12,110066,110066,p.iand.zen;;12,p.iand.zen.12,,,,grc,"αὐτῶι τῶν ἐμ ῶ ν ἀντίγραφα ὅπ ως ε ἰ δ ὲ μή, οὐθεὶς σοὶ κρίνηις ἀναγκαι μετὰ ἀποδείξ εως",,False
p.iand.zen.13,110067,110067,p.iand.zen;;13,p.iand.zen.13,,,,grc,ο μ οι o ηδε με μ η θ ην α λ εισ τεμ σθ ε σ α υ ἔρ ρωσ ο,,False
p.iand.zen.14,110068,110068,p.iand.zen;;14,p.iand.zen.14,,,,grc,εν Ἀπολλω ν ν ἀπέστειλε,,False
p.iand.zen.15,110069,110069,p.iand.zen;;15,p.iand.zen.15,,,,grc,ἀμπελ αὐτω ον π ἔρρωσο. ἔτους κ,,False
p.iand.zen.16,110070,110070,p.iand.zen;;16,p.iand.zen.16,,,,grc,τα ἀνηλωμένα εἰ ς Ἀπολλωνίωι τῶι η,,False
p.iand.zen.17,110071,110071,p.iand.zen;;17,p.iand.zen.17,,,,grc,Πανακέστ ωρ Κλειτάρχωι Ἄνδρω νι χαίρειν. μ ετρήσατε πατρου σπέ ρ μα πυ ροῦ ἀρ τ γ καὶ Κρ ί τωνι καὶ Στοτοή τ ει καὶ κρι θῆς ἀρ τ β καὶ Πάσι τ ι καὶ κρι θῆς ἀρ τ β καὶ Τε ΰρ ει καὶ κρι θῆς ἀρ τ β καὶ Σισύφωι σπέρμα πυ ροῦ ἀρ τ σπέρμα κρι θῆς ἀ ρ τ σπέρμα πυ ροῦ ἀ ρ τ σπέρ μα πυ ροῦ ἀρ τ,,False
p.iand.zen.18,110072,110072,p.iand.zen;;18,p.iand.zen.18,,,,grc,vestiges ν ἔδοξεν οὖ ν μοι ἔρρωσο. ἔτους κ θ,,False
p.iand.zen.19,110073,110073,p.iand.zen;;19,p.iand.zen.19,,,,grc,καπηλεῖον οἰκήματα δ να καὶ τοῦ ζυτοπωλίου διώβολ ε κλ εῖ ν α δραχμ β τετρώβολ τηι εις τὸν βῶλον τοῦ οἰ κοδομῆσαι καὶ ἀλεῖψαι καὶ δραχμ α ἔρρωσο. ἔτους λα Χοιὰχ ι,,False
p.iand.zen.2,819,819,p.iand.zen;;2,p.iand.zen.2,255/254 BC,-254.0,Philadelphia,grc,"ἔτους λα ἱερέως Γλαύκωνος τοῦ Ἐτεο κλέους υ Βερενίκης τῆς Νικάνορος ἐν Φιλαδελφεί αι ; β Φαρμοῦθι β . ἐδάνεισεν Ζήνων Ἀγρεοφῶν τος ις ἐν ταῖς μ υρίαις ἀρ ο ύ ραις ταῖς ἐν Φιλαδελφείαι δεδομέναις ἐν δωρεᾶι Ἀπολ λωνίωι ὑπὸ τ οῦ βασιλέως Σαμῶιτι Πετεμενώφριος ι Ὀσεύριος ἐκ ἐγ Με ία ς, Ἑριεῖ Ἑριεῦτος ἐξ Ὑψηλ ῆς , γχιος ἐκ Τεμναύβιος, Ἁ ρε νδώτηι Φαν εύ ιος τηι, οὖσι ἕξ , ἑκάστωι εἰς τιμὴν ὑποζυγίου ζυγίου ἄλλο ις κου δραχμ δέκα , γίνονται δραχμ ξ , καὶ Πάσι Σεμνέφθου Λητοπολίτη ι , ὡσαύτως άιτος Ὑψηλοκωμίτηι, οὖσι γ , ἀνὰ δραχμ ὀκτὼ γίνονται δραχμ κδ γένηται ἅμα τῶι ἐκφορίωι ἢ ὑποζύγιον ἀρεστὸν αχώνς. ἐὰν δὲ μὴ ἀποδῶσιν κατὰ τὰ ὑπο γεγραμ πρᾶξις ἔστω Ζήνωνι ἔκ τε αὐτῶν ων ὡς πρὸς βασιλικά. ἔγγυοι τῶν κατὰ τὴν ἀδελφὸς αὐτοῦ, Σαμῶτος δὲ Σοσογγ ῶσις ς, Σενούχιος δὲ Πετεαρμῶτις Πάιτος ἐκ Τεμ ναύβιος , Σεῶτος δὲ Λιμναῖος Ἀντισθένους Κνίδι ος Πάτιτος Θοτορταῖος Μιτη τιω νο ς Θεσσαλός, Ἐπικράτης Ἁρμοδ ίου ης κωμογραμματεὺς Φιλαδελφείας. βασιλεύοντος Πτολεμαίου τοῦ Πτολεμαίου Σωτῆρος ἔτους λα , ἐφʼ ἱερέως Γλαύκωνος τοῦ Ετεοκλέους Ἀλεξάνδρου καὶ θεῶν Ἀδε λ φῶν, κανηφόρου Ἀρσινόης Φιλαδέλφου Βερενίκης τῆς Νικάνορος, ἐν Φιλαδ ε λφείαι τοῦ Ἀρ σ ι νο ί του νομοῦ, μηνὸς Ξανδικοῦ ιβ , Αἰγυπτίων δὲ Φαρμοῦθι β , ἐδάνε ισε ν Ζήνων Ἀ γρε ο φ ῶ ντ ος Καύνιος τῶν περὶ Ἀπολλώ νιον τὸ ν δι ο ικητ ὴ ν τοις ἐν ταῖς μ υρίαις ἀρούραις τ αῖ ς ἐν Φιλ αδελφείαι δ εδομέναις ἐν δωρεᾶι Ἀ πολλωνίωι ὑπὸ τοῦ βασιλέως, Ἐ ριαμού νι Ἐ σαμού νι Ὀσεύρ ιος ἐ κ ἐ γ Μ ε ίας, Σαμῶιτι Πετεμενώφ ριος ἐξ Ὑψηλῆς, Ψενοβάστι Ποκλήλιος Κερκεί τ η ι, Σεν ο ύχι Ἀπύγχιος ἐκ Τεμναύβιος, Ἁρενδώτηι Φανεύιος , Σεῶι Ἁρπεχύσιος Ἀ κ ανθοπο λ ίτη ι , οὖσι ἕξ , πρὸς τὴν τοῦ σί τ ου συναγωγὴν ἑκάστωι εἰς τιμὴν ὑποζ υ γ ίου χαλ κ οῦ δραχμ δ έ κ α γίνονται δραχμ ξ , καὶ Πάσι Σεμνέφ θου Λητοπολίτηι , Π α Πάτι τ ι Πάιτος Ὑψηλοκωμί τηι, ὡσαύτως οὖσι γ , ἀνὰ δ ραχ μὰ ς ὀ κτ ὼ γίνονται δραχμ κδ ο ὖσι ἐννέα δραχμ πδ , ἐφʼ ὦι ἀποδώσουσιν τὴν τιμὴ ν τοῦ ὑποζυγίου, ὡς ἂν ἡ συναγωγὴ τοῦ σίτου γένηται ἅμα τῶι ἐκφορίωι ἢ ὑποζύγιον ἀ ρε στὸν Ζήνωνι ὡ ς ἔσχατον τῆι λ τοῦ Παχώνς. ἐὰν δὲ μὴ ἀποδῶσιν κατὰ τὰ ὑπο γε γ ραμμέν α, ἀ ποτεισά τωσαν τὸ δάνειον ἡμιόλιον· ἡ δὲ πρᾶξις ἔστω Ζήνωνι ἐκ τε αὐ τῶ ν κ αὶ τῶ ν ἐγγ ύων καὶ ἐκ τῶν ὑπ αρχόντων αὐτοῖς πάντων ὡς πρὸς βασ ιλικά. ἔγγυοι τῶν κ ατὰ τ ὴν σ υγγραφὴν εἰς ἔκ τ ισιν Ἐριαμούνιος Ἐσαμούνιος ὁ δεῖνα ἀδελφὸς αὐτοῦ, Σαμῶιτο ς Σο σογγ ῶσις Ἰμούθου, Ψενο β άστιος ὁ δεῖνα τοῦ δεῖνα , Σε νούχιος Π ε τε αρμῶτις Πάιτος ἐκ Τεμναύβιος, Ἁρεν δώτου ὁ δεῖνα τοῦ δεῖνα , Σεῶτος Λιμναῖ ος Ἀντι σθ έ νους Κ ν ίδιος, Πάσιτος Ὧ ρος τοῦ δεῖνα, τοῦ δεῖνα Παθῦ μις Ἀ ρ , Π άτιτος Θοτορταῖος τοῦ δεῖνα . μά ρ τυρες Σ ώσ τρατος Κλέωνος Ἑλένειος , Θεόπομπ ος Ἀρι σ τί ωνος Θεσσαλός, Ἐπικράτης Ἁρμοδίου Σάμ ιος, Διόδωρος Ζωπύ ρ ου Μάγνης, Ἄνοσις Τοτορχ ό ιτος Σαίτης κωμογραμματ ε ὺς Φ ι λαδελ φ είας , Ἀ μολῆς Ἑρπεχύσιος Ἀ κα ν θοπολίτης.",,False
p.iand.zen.20,110074,110074,p.iand.zen;;20,p.iand.zen.20,,,,grc,ἔρρωσο. ἔτους λβ Φαῶφι α,,False
p.iand.zen.21,110075,110075,p.iand.zen;;21,p.iand.zen.21,,,,grc,σ ώ ματος μενος κατη μ ω ν πρὸς το παρὰ Φιλίσκο υ πώποτε οὐθ καμ ε ν πορισα ἐ πιστολ αὶ Ἀμμώνιο ν καὶ ἣν λαλεῖ ἐπιβαληι σ ημ α κούσας ἡμῶν παρὰ Φιλίσκου π ων ἡμᾶς ω περὶ δὲ τούτων ον ον ἐ περωτ,,False
p.iand.zen.22,110076,110076,p.iand.zen;;22,p.iand.zen.22,,,,grc,Γλα υκίας Ζήνωνι χαίρειν μν π ε ἰς Φιλαδέλφειαν ἔτους λγ Φαρμοῦ θι Γλαυκ ία ς,,False
p.iand.zen.23,110077,110077,p.iand.zen;;23,p.iand.zen.23,,,,grc,"ναι ἡμῖν ἐκ ἐχ Φιλαδελφ εία ς ἀπὸ τῆ ς ἐ κ τοῦ λε ἔτους , τὸ δὲ φόρετρ ο ν αὐτο ὶ δώσομεν.",,False
p.iand.zen.24,975,975,p.iand.zen;;24,p.iand.zen.24,248 BC,-248.0,Philadelphia,grc,"Κόρραγ ο ς Προξένωι χαίρειν. εἰς μὲν τὸ ἕβδομον καὶ τριακοστὸν ἔτος Δύστρου ι β ἐν τοῖς γενεθλίοις ὃ δίδοται ἡμῖν ὀψώνιον τοῖς εἰς Κάνωπον ἀποδημοῦσι με τὰ το ῦ συνετάγη δοῦναι ται , τοῖς δὲ παρʼ ἐμοῦ τότε οὐδεὶς οὐθεὶς ἔδωκε· μετὰ ὀλίγα ς δὲ ἡμέ ρας τὸν διασυνεστημένον παῖδα Θράσωνα Λευκίππωι τῶι γραμματεῖ ὥστε ἐκκομίζεσθαι τὰ ὀψώνια καὶ τὰς ἀγορὰς δεδεμένον μετεπεμψάμην διά τινας αἰτίας. περὶ μὲν οὖν τούτων ὁ τὴν ἐπιστολήν σοι ἀποδιδοὺς Διογένης ἐντεύξεται, ὢν οἰκεῖ υ ος μου, ἐντεύξεται δέ σοι καὶ Ζήνων. εἰς δὲ τὸ ὄγδοον καὶ τριακοστὸν ἔτος εἰς μῆ να Ξανδικὸν ὁ υἱός μου Ἄτταλος καὶ Διογένης ἔλαβον τὸ γινόμενον ὀψώνιον, μετὰ ταῦ τα δὲ οὐθεὶς ἡμῖν οὐθὲν δέδωκεν. καλῶς ἂν οὖν ποιήσαις ἐνθυμηθεὶς ἵνα μηθεὶς ἡμᾶς τῶν ὑπὸ σὲ γραμματέων ἀδικῆι. τὰ δὲ ἄλλα ὁ φέρων σοι τὴν ἐπιστολὴν ἐρ ε ῖ. ἔρρωσο. Προξένωι.",,False
p.iand.zen.25,110078,110078,p.iand.zen;;25,p.iand.zen.25,,,,grc,υ ωι πα ραγενο μεν δοῦναι ρωι θησ αυ ρωι ὡς τοῖς μακα φά ρ μακα κλ ί μακα ἔδωκα ς ἔρρωσο. ἔτους λζ Μεσορὴ ιε,,False
p.iand.zen.26,110079,110079,p.iand.zen;;26,p.iand.zen.26,,,,grc,τὴν παρʼ Ἀργαίου ἐπι σ τολὴν υχων εἰς ἣν προδ τ ὴν ἐπιστολὴν π ρ ὸ ς Ἀρ ισ ἵνα μὴ παρ ῶσιν τὸν ἵππον α ς κατὰ τὴν ἐπιστολὴ ν ἔρρωσο. ἔτους λη Π,,False
p.iand.zen.27,110080,110080,p.iand.zen;;27,p.iand.zen.27,,,,grc,τι αμ τ ου ε ε ψ κη καιου προσελα Σώστ ρα τος δρ αχμαί ρ Εὐτύχωι Εὐτύχοι συν εφη Ἰάσων δρ αχμή δ ἀωΐλ ι α ἀυοίλ ι α Σωστρα εἰς Παχὼν δρ αχμή α τετρώβ ολον ο ντ ο ι δ τριώβ ολον ἐπὶ τοὺς κύνας ὀβ ολὸς κατῆγεν ἡμιωβ έλιον ισαντι τὴν ρησα δρ αχμαί ι ἐφ’ ὧι ἐφ’ ὁ͂ι κομι ικ α ι ὄροβος δὲ ἔτι οσασυνακτος ἵνα μ ὴ παραπόληται ι πρότερον περι ὅτι οὐ θ ὲν εἴληφα ἔτους λθ Παχὼν ιδ,,False
p.iand.zen.28,110081,110081,p.iand.zen;;28,p.iand.zen.28,,,,grc,ν συν ρωνταη μ ἐ ὰν πρὸς τρόπου τε ἀγορα ωσα ρ ο ν καθʼ ἡμᾶς ἐαν τ Φαρ μοῦθι ‾κη‾,,False
p.iand.zen.29,1994,1994,p.iand.zen;;29,p.iand.zen.29,III sac,,Philadelphia,grc,"Κράτων Ζήνωνι χαίρειν. κομισάμενος τὴν ἐπιστ ο λήν, ἣν ἣγ γράφεις μοι περὶ τῶν στυππεουργῶν, ἠξίουν δεῖξαί μοι τοὺς ἀνθρώπου ς , ὅπως ἂν καταστήσω αὐτοὺς ινην, καθότι μοι γράφεις. οἱ δὲ ἐ δόκουν οὖν οὖμ μοι",,False
p.iand.zen.3,2477,2477,p.iand.zen;;3,p.iand.zen.3,ca. 255 BC,-255.0,Philadelphia,grc,"μαι ἀποτεισάτωσαν Ζήνωνι παραχρῆμα τὸ ἀργύ ριον ἡμιόλιον, καὶ ἡ πρᾶξις ἔστω Ζήνωνι ἢ ἄλλωι ὑπὲρ αὐ το ῦ πράσσοντι ἔκ τε α ὐ τ ῶ ν καὶ τῶν ἐγγύων καὶ ἐκ τῶν ὑπαρχόντων αὐτοῖς πάντων ὡς πρὸς βασιλικά. ἔγγυ οι ἀλλήλων οἱ συγγεγραμμ ένοι καὶ ὁ δεῖνα εἰς ἔκτεισιν ἡ δὲ σ υ γγρα φὴ ἥδε κυ ρ ία ἔστω οὗ ἂν ἐπιφέρηται. μάρτυρες·",,False
p.iand.zen.30,110082,110082,p.iand.zen;;30,p.iand.zen.30,,,,grc,Ζή νωνι χαίρειν Φαμοῦνις γ εω ργὸς Ἀπολλωνίου. εἰχόμην εἰς Βοῦτον τοῦ Μεμφίτου χόρτου ἀγορ ασ τ οῦ Ἀν τ ίφιλ ο ς ο,,False
p.iand.zen.31,110083,110083,p.iand.zen;;31,p.iand.zen.31,,,,grc,"νος Ζήνωνι χαί ρειν. τὸ σιτάριον τὸ κατὰ μῆνά μοι γινόμενον καλῶς ἂ ν ποιήσαις γρά ψας Ἐφαρ μόστωι, ὅπως ἂν . Ζήνωνι",,False
p.iand.zen.32,110084,110084,p.iand.zen;;32,p.iand.zen.32,,,,grc,εν οὖν γ ραφεῖο ν τῶι ὀφειλήσ αντι ὀφιλή σ αντι δ ω ρος οισ φι ν ὥστε οὐ τὸν νε ώτε ρον τ ω αιγ καλῶς ἂν οὖν π ο ιήσαις ανδ α Ζήνωνι,,False
p.iand.zen.33,110085,110085,p.iand.zen;;33,p.iand.zen.33,,,,grc,α σις Ζήν ωνι χαίρειν ν τινα τ ὸ ν ε ὄρθρου τῶι ξόμενον,,False
p.iand.zen.34,110086,110086,p.iand.zen;;34,p.iand.zen.34,,,,grc,χαρι εῖ σφόδρα. πολυωρήσεις γὰ ρ διέδωκα το ῖ ς ὑοφορβοῖς νδ ς Σαμῶυς καὶ Ἑριανοῦφις ἐγγ υ σα ἔγγυος Ἁρμιῦς π,,False
p.iand.zen.35,110087,110087,p.iand.zen;;35,p.iand.zen.35,,,,grc,Διονύσ ιος μοσχ ἐν τ α μόσχους ε Ἀρτε μιδώρου τ λύχνου α εὐθὺς ἐδ ω κ π ον βαδιστ ἀποστειλ δὸς Ὥρωι τ παρὰ Δ ιο νυ σίου γεωργ ο ῦ,,False
p.iand.zen.36,110088,110088,p.iand.zen;;36,p.iand.zen.36,,,,grc,"vestiges τ ου ου κ νέ ου κ Π α ῦνι μηνὸς τ ῆς παρὰ Σωστράτο υ τα κερ άμια μὴ ἐλάττω μηδ ὲ ει π ε τὴν κώ νευ σιν μὴ ἀλλαγῆι καὶ ε ἰ κῆι αὐ τὸ ποιήσηις. Σ ώστρατος. παρεκόμισεν Πελῶις ὁ παρὰ Ἄ νδρωνος φυ λακίτου κερ άμια πη μη , κ α ὶ ἐν τ ῷ πρότερον ἦν ἀχρεῖα 10. ἤδ η. διαστεῖλ α ι οὖν πρὸς τ ὸ ν κερ αμέα , ὅτι, ἐὰν ἐὰμ μένῃ μὴ προσέχων χωνεῦ σ α ι, τ ὴν τιμὴν ἀποτείσει τ ῆς πίσσης τῶν ἀχρεί ω ν γ ενομένων τελέως. vestiges παρα σθησε τ αι Θεοδώρω ι κωι τῶ εμμεμ ἐμ Μέμ φει γ ω γ η ου ω ι. καλῶς ἐποίησας χ ιάσας χ ρ η σά μενος γμ ατατ ἀκατί ων κεραι ῶν του ε υθυ νομέν ου ἄβαρις ὤν. ἀργήσασι α ὐ τοῖς ια σαμένοι ς τε ἕως τοῦ ἐξ Ἀλεξαν δρε ίας ἀ ν ελθεῖν ἀποδώσο μέ ν σοι . κ η ν η χε ρον οὖν αν Ἀρτεμιδώρωι Κ υν ίσκ ω ι εἰς τ ὸ μη ν σ φυ λακ ν Νικίαι ὥστε δ δ ουν αι νωι γωγωντ κ χα λκοῦ δραχμ α καὶ τ ο ν φ ου δραχμ κ εἰς ξ υλ ὸν χα λκοῦ δραχμ κ γίνονται ρη διώβολον",,False
p.iand.zen.37,110089,110089,p.iand.zen;;37,p.iand.zen.37,,,,grc,πε εσαν ὠικ ο δ ομ Παυῆτος με βούμεθα εν αὐτὸν ἀφεῖν αι αὐτὸς προδη ἡμεῖς τ ρ υγ Ἀμενεῖ ἡ λη ν σοὶ Δημήτριον δι ὰ σὲ συμβιβα συνβιβα vestiges,,False
p.iand.zen.38,110090,110090,p.iand.zen;;38,p.iand.zen.38,,,,grc,"β μίαν μὲν παρʼ Ἑ ρμαφίλου πρὸς Ἄνδρωνα τὸν ἀ ρχιφυλακίτην, τὴν δʼ ἑτέραν παρʼ ἐμοῦ πρὸς",,False
p.iand.zen.39,110091,110091,p.iand.zen;;39,p.iand.zen.39,,,,grc,αντικρι θ εις ἐαν ἵ να σωθῆι πρὸς τ ου ὑγ ιείας τὸν πάντ α εὐτύχει,,False
p.iand.zen.4,1840,1840,p.iand.zen;;4,p.iand.zen.4,257 BC,-257.0,Philadelphia,grc,βασιλεύοντος Πτολεμαίου τοῦ Πτολεμαίο υ Σωτῆρος ἔτους κθ Μεσορὴ κθ . ὁμολογεῖ Κλεῖτος Ν ι κάδους διὰ Ἡγησίου ἔχειν παρὰ Πανακέστορος τοῦ παρʼ Ἀπολλωνίου εἰς ξυλο κοπίαν καὶ ἐμπυρισμὸν ἀρου ρῶν β δραχμὰς ε . βασιλεύοντος Πτολεμαίου τοῦ Πτολεμαίου Σωτῆρος ἔτους κθ Μεσορὴ κθ . ὁμολογεῖ Κλεῖτος Νικάδους διὰ Ἡγησίου ἔχειν παρ ὰ Πανακέστορος τοῦ παρʼ Ἀπο λ λωνίου εἰς ξυ λοκοπίαν καὶ ἐμπυρ ι σμὸ ν ἀρου ρῶν β δραχμὰς πέντε . Με σ ο ρὴ κθ ἀργυρικ ά,,False
p.iand.zen.40,110092,110092,p.iand.zen;;40,p.iand.zen.40,,,,grc,δοθη ν ἀκριβ ῶ ς οὐκ ἔφη ουνμ κατα μ ποιησ ε δοῦνα ι διον σα ι καὶ μ τον π κατε ημ ι ἐν τῆ ι καιμε ωνε συν,,False
p.iand.zen.41,110093,110093,p.iand.zen;;41,p.iand.zen.41,,,,grc,ζ ἔγραψας μ ωρου τοῦ τ μιν τὸ παραθ ἠ ξίω σεν δηλα τ ου πρὸς σ,,False
p.iand.zen.42,110094,110094,p.iand.zen;;42,p.iand.zen.42,,,,grc,φυλακὴν χαίρειν συν τάξαι δοθε κεράμιον μειν δι του ς π παρ,,False
p.iand.zen.43,110095,110095,p.iand.zen;;43,p.iand.zen.43,,,,grc,το παραδ ἐπὶ τ ῆ ς ω πληστ ο ὑπὸ ου π ὑπομνη μα τυ κ α ι τ ὸ ν Ἀπολλ ών ιον ψ ε δοκιμά σ ης ἐὰν τ ὰ ταύτην τα,,False
p.iand.zen.44,110096,110096,p.iand.zen;;44,p.iand.zen.44,,,,grc,ε ισ α σθ μηθὲν αλ μὲν ἐγὼ τ λ ο ιπόν σο ἀ νοίξει τὸ ν ἐμοῦ παρε α ὐ τὸν εστ ἡμερῶ ν,,False
p.iand.zen.45,110097,110097,p.iand.zen;;45,p.iand.zen.45,,,,grc,τοῖ ς δωρε μεν ο ι σ αν τι,,False
p.iand.zen.46,110098,110098,p.iand.zen;;46,p.iand.zen.46,,,,grc,ε παρα δ ε υ κα ὶ,,False
p.iand.zen.47,110099,110099,p.iand.zen;;47,p.iand.zen.47,,,,grc,ὑπόμνημα Ζ ήνωνι παρὰ Δημητρίου τὰς ὁμολογία ς περὶ τῶν ὑποζ υ γίων ον σοί τ ε ποιή σω σιτηγίαν πο σοὶ αὐτὸν ε μ ἐργάσασθα ι ταύτας λαβ δέον αν τα καὶ εἰ ἐ δὲ βούλει ε παρέξω ἄχυ ρ ον καὶ τοῖς ὀνηλ άταις κα τα τὴν ἔντε υ ξιν δὲ αὐτοῖς π ἵνα μηθὲν ἐκ π έσηι κηις ἐὰν ἐὰγ γὰ ρ τὰ ὑποζύγια μοι προσβιψε,,False
p.iand.zen.48,110100,110100,p.iand.zen;;48,p.iand.zen.48,,,,grc,"ὑπόμνη μα Ἀπολλωνίωι παρʼ Ἐπιχάρους. ἐά ν μοι πρόδομα δοθῆι ἀργυρίου δραχμαὶ χίλιαι καί σίτου ἀρτάβαι δ εκα π έντε , ι",,False
p.iand.zen.49,110101,110101,p.iand.zen;;49,p.iand.zen.49,,,,grc,"βασιλε ύο ντος Πτολεμαί ο υ τοῦ Πτ ολεμαί ο υ Σωτῆρος ἔτους λ μη ν ὸς Φαμενὼθ ϛ . ὀμ νύει ρων Διονυσίου Πέρσης τῆ ς ἐπι γονῆς βασιλέα Πτολ ε μαῖον καὶ Ἀρσινόην Φιλάδε λ φ ον κ αὶ τοὺς τούτων γονεῖς θεοὺς Σωτῆρας ἦ μὴν ἐ͂ μὲν μὴ σ εσυ ρα κέναι παρὰ Κλειτάρ χ ο υ μηδὲ Ἀνόσιτος π αρευ ρ έ σει μη δε μιᾶι τὸν κροτ ῶνα , τὰς ἑκατὸν ἀρτάβας αὐτ ῶ ν καὶ ει εὐορκοῦντ ι εὐουρκοῦντ ι μέν μοι εὖ εἴη",,False
p.iand.zen.5,2479,2479,p.iand.zen;;5,p.iand.zen.5,256 BC,-256.0,Philadelphia,grc,"ἔτους κθ , Χο ι ὰχ ιθ . ἔχ ει Πᾶτ ι ς Πάιτος εἰς ξυλ ο κοπίαν τ ῆς κοπάδος ἀ ρο υ ρῶν ε ἀν ὰ τετρώβολον γ διώβολον καὶ εἰς ἐμπυ ρ ισμὸν ἀ ρο υ ρῶν ε ἀν ὰ τετρώβολον γ διώβολον ἔτους κθ , Χοιὰχ ιθ . ἔ χει Πᾶτις Πάιτ ος εἰς ξυλοκοπίαν τ ῆς κο π άδος ἀ ρο υ ρῶν ε ἀν ὰ τετρώβολον γ διώβολον καὶ ε ἰς ἐμπυρισμὸν ἀ ρο υ ρῶν ε ἀν ὰ τετρώβολον γ διώβολον .",,False
p.iand.zen.50,110102,110102,p.iand.zen;;50,p.iand.zen.50,,,,grc,"μωρούμενον τὸν λοιπὸν χρόνον. ἐνε ύ χ ο μαι τὴν α του βασ ι λεί α ν καὶ τ Ἀπολλωνί ου εὐημε ρία ν, μὴ παρακούσῃς τῆς ἐντ εύξεως.",,False
p.iand.zen.51,1890a,1890,p.iand.zen;;51,p.iand.zen.51,,,,grc,ι ἡγεμ όνι κρ ιθῆς ἀρ ταβ- β γίνεται ἀρ ταβ- γίνεται ἀρ ταβ- ο ἀρ ταβ- ια χ οίνικ- η εωι ἀρ ταβ- β νι ἀρ ταβ- α χ οίνικ- η ἵπποις ἀρ ταβ- α Κλεάνακτι καὶ κρ ιθῆς Ἀγάθωνι δ ε Δριμύλωι συν ωριστῆι χ οίνικ- ς καὶ τούτων ἵπποι ς το ι σ ρας κα μ χ οίνικ- η ἀρ ταβ- β χ οίνικ- δ α χ οίνικ- ιβ ι αβ αιτα Πτο λεμαΐδα ἀρ ταβ- ς γίνεται ἀρ ταβ- νδ ς γίνεται ἀρ ταβ- ξ διωβολ- ἡμιωβελι- γίνεται δραχμ- γίνεται ι καὶ κ ε ει κ α γίνεται,,False
p.iand.zen.52,1890b,1890,p.iand.zen;;52,p.iand.zen.52,ca. 260 BC,-260.0,Philadelphia,grc,κθ ἐν ε π α vestiges Ἱππόστρατος Αὐαῆλος Παναβῆλος Ζαβάλνος Φίλων Μένων Ζήνων Ὁσαῖος Ἀνναῖος Σανναῖος Κο υ σνατᾶνος Νικ ά ν ω ρ Παρ Δωροθέωι δ ἐν Πτολε μαΐδι ἔτους κ ζ Ἀρτεμισίο υ καὶ ἔ χει ει vestiges μανδάκαι τρ ίχι ναι ς κα ὶ σαγμ τ ριχι ν α τρίχουν ε α σάκκ ων ἡμι τρι β ῶν ζεύγη β κατα βολ αὶ λ ι ν αῖ β σάγμα συ αληνι α,,False
p.iand.zen.53,2111,2111,p.iand.zen;;53,p.iand.zen.53,III sac,,Philadelphia,grc,ἃ ἐξε ι λόμεθα ἐ κ τοῦ πλοίου ἐν τῶι Βερενίκη ς Ὅρμωι· ἐλαίου κερ άμιον ἡμιδεές α μήκωνος λευκ ῆς σπυρὶς ἡμιδεής α οἴνου παλαιοῦ κερ άμι μήλων κλούιον α ἐλαιῶν κερ άμιον Κνίδιο ν α ἐν κλουίωι μήκων ῥ οῶν ἀγ γεῖα ἀν γεῖα γ χεννίων σαλούσιον α ν ὑδρίσκη α ὑ δρία ὑ δρία ι λ σ μ σ μετ ρ ητ ε α ρ μ σκόρδων σπυρίς α μήκων ἐν κλουίωι οἴνου κερ άμιον Χῖον α γρύτης σπυρίς α σκελίδων σπυρίς α ταρίχου σπυρίς α μήκωνος κερ άμιον α ὕρχης ταρίχου α κρεῶν κερ άμιον α ἄλλο κρεῶν κερ άμιον α ταρίχου κερ άμιον α βανωτ ὸς ταρ ίχ ου α ἄ λλο κερ άμιον τα ρίχου α μέλιτος κα ψ άκαι β μέλιτος α ἐλαιῶν Χῖον ἡμ ί κενον α ἐλαίου κερ άμιον κενόν α κρεῶν μοσχείων κερ άμιον α ἐλαιῶν κερ άμιον α οἴνου βανώτιον α οἴνου Κν ιδίου κερ άμια β ἐλαίου ἡμιδεὲς κερ άμιον α μήκωνος βῖκος α στροβίλων σπυρίδιον α οἴνου βανώτιον ὅθεν ἀποταμιευόμεθα α οἴνου ἐπιχωρίου κερ άμιον α οἴνου ὅθεν ἀποχρώμεθα ὄντος Κνιδίου κερ άμιον α μάρσιππος ἐν ὧι ὀθόνια καὶ αὐλαία μήλων στάμνος α κίστη ἰτρίων ὅπλα ἀσπὶς φαρέτρα θυρεός κ ύλισις ἱματίων α λαμπτὴρ λυχνία τράπεζα ἄρτοι Ἀπιακοί ιδ ἄλλη σπυρὶς γρύτης κανᾶ ε Εὐτύχωι σπυρίδες β Ἐφέσου γύριος Χάρμου ῥίσκος ἄλλος ῥίσκος ἡμέτερος ἀριστοφόρων ἀργυρωμάτων σπυρίδες γρύτης β καρύων σπυρίς α ὄξους κερ άμιον ἡμιδεές α ἐν κλουίωι μικρῶι μῆλα ἐν κοφίνωι μέ λιτο ς χαβ ί τια ἐλαίου ἡμικάδ ιον α ὀρτύγων σαλούσιον ἃ ἐνεβαλόμεθα ἐκ τῆς Τετταφου εἰς τὸ πλοῖον· μάρσιππος ἱματίων α ἐλαίνων ἡμικάδιον ἡμιδεές α ἰτρίων κίστη ὅπλα ὁλκεῖον χυτρόγαυλος λυχνία τράπεζα μέλιτος καψάκαι γ καρύων βασιλικῶν σπυρίς α ὀρτύγων βανωτός α σφηνέων κερ άμιον α ὄξους κεράμιον ἡμιδεές α ταρίχου ξενικοῦ χύτρα α κυβίων κερ άμιον α οἴνου Χίου κερ άμια β μήκωνος κερ άμιον α οἴνου κερ άμιον ἡμιδ εές α ἄλλο οἴνου ἡμιδεὲς κερ άμιον α ταρίχου σπυρίς α ἐλαιῶν βανωτός α κρεῶν κερ άμιον α μώιον χαλκωμάτων α κρεῶν μοσχείων κερ άμιον α ἄλλη ταρίχου σπυρίς α χεννίων βανωτὸς ἡμιδ εής α ῥοῶν βῖκος α ἄλλος ῥοῶν βῖκος ἡμιδεής α ὑπογαστρίων ὕρχης α σκόρδων σπυρίς α ἄλλο κερ άμιον ταρίχου ἡμιδεές α μήκωνος σπυρίς α μέλιτος Χαλυβωνίου ἀγ γεῖα ἀν γεῖα δ ῥοῶν ὑδρία α ἄλλη ῥοῶν ὑδρία α στροβίλων σπυρίς α ῥοῶν ὑδρία α μήλων α ἄ λλ η ταρίχο υ χύτρα α ἐλ α ι ῶν κερ άμιον ῥοῶν κερ άμιον ἡμιδεές α ἐλαίου λευκοῦ βαν ω τὸς ἡμιδεής α οἴνο υ βα ν ω τ ὸς ἡμιδεής α μήλων βῖκος α οἴνου παλαιοῦ κερ άμιον α μήκωνος σ πυρίς α Χῖον ἐν ὧι ἐλαῖαι βῖκος ἡμιδεὴς μήκωνος α οἴνου βανωτός α ἐλαιῶν κερ άμιον Κνίδιον ἡμιδε ές α ἐλαίου κερ άμιον α οἴνου Κ νιδίου κερ άμια β στροβίλων σ π υρίδι ον μικρόν οἰναγεῖον μέλιτος κεράμιον Λευκάδιον α ἐλαίου λευκοῦ τρί χ ους,,False
p.iand.zen.54,110103,110103,p.iand.zen;;54,p.iand.zen.54,,,,grc,ε ἰς Χοιὰχ δραχμαὶ β τριώβολον κα ὶ Ἡρα κλείδηι Ὀρσενοῦφι Τεῶτι Τέωι Νεχθοσείρει Σ τ κ υσει Στεφάνωι Ἰναρῶι Νεχθειμίνι Τε Ὀννώφρι Ἀπολλωνίωι Σα μῶτι ἑκάστωι δραχμαὶ β τριώβολον γίνονται δραχμαὶ λε Κ ο μ ο άπιος ὑπουργ ῶ ι εἰς Ἀ πελλαῖον Αἰγυπ τίων δὲ ἀργυ ρίου δραχμαὶ ιδ ιβ δραχμαὶ α τετρώβολον τὸ λοιπὸν τοῦ γιν ο μένου εἰς τ ὴ ν τ ὴ γ γ ῆν ν ἐλα ί νων Αρν μηλεῶν ἐα ρ ινῶν ῥοῶν θ ἀπίων μ μηλεῶ ν ν μυρσίνης ρλ συκίνων ων Ἀπ κ,,False
p.iand.zen.55,110104,110104,p.iand.zen;;55,p.iand.zen.55,,,,grc,ἕκασ τ ος λγ θ Φαῶφι εἰς ϛ ἀ ν ὰ ζ δραχμ μβ Ἁθ ὺρ εἰς ϛ ἀν ὰ ζ δραχμ μβ γίνονται ιβ εἰς τὸ αὐ τὸ τ εἰς τὸν ξ ἀρου ρ μ ὡς τῆς ἀρου ρ δραχμ η δραχμ τ κ κ ἀρου ρ ἀν ὰ δραχμ δ δραχμ π ν δραχμ υ εἰς τοὺς ἐρ γάτα ς τοὺς κα τ,,False
p.iand.zen.56,110105,110105,p.iand.zen;;56,p.iand.zen.56,,,,grc,ἔτους λγ λόγος π α ρὰ κριθῆς λ η μμάτων καὶ ἀνη λωμάτ ω ν Ἁθὺρ εἰλ η ἐργάτ αις β ἀν ὰ κ ἡμε ρ ῶν,,False
p.iand.zen.57,1344,1344,p.iand.zen;;57,p.iand.zen.57,III sac,,Philadelphia,grc,α εἰς τὸν πη ιβ ιβ 𐅵 γ λοιπαὶ σησάμου Ἀφλε γ ς ιβ κδ τ ν η ς ιβ κδ μήκωνος Ἀλ γ ς κ ροτῶν ος ροθ γ ς ση σά μου εἰς τὰ ἐλαιούρ γ ι α την Κορράγωι Ἀ ρσινο ί την τῶι τριακοντα χ οινίκωι ἄλλαι ἄλλαι μ ή κωνος τῶι ἐννεακαιεικοσι χ οινίκωι ση σά μου τ ῶι ὡς αύτως λδ ἔτους σησάμου δ δ σ ιτολόγωι τῶι τριακοντα χ οινίκωι ς μήκωνος σ ἀρ ταβ Αωμε κάθαρσιν ὡς τῶν ἀν ηλώματος σησ άμου Αϡ ο θ β μή κωνος Ἀω ν ϛ κρο τῶνος Ἀφκϛ,,False
p.iand.zen.58,110106,110106,p.iand.zen;;58,p.iand.zen.58,,,,grc,ε δ α 𐅵 α α 𐅵 ιζ ν εἰς τὸν τριακοντα χ οινίκωι κρ οτῶνος τ τοε υϙ σν ωμε χξγ ἀνὰ ?,,False
p.iand.zen.59,110107,110107,p.iand.zen;;59,p.iand.zen.59,,,,grc,Μικίων μν ᾶς ιε Ἱέρων ιε Δρ Πεισιστράτωι εἰς ἐγκοίμητρον μν ᾶς η Πεισιστρ ά τ ω ι μη μν ᾶς ε,,False
p.iand.zen.6,2480,2480,p.iand.zen;;6,p.iand.zen.6,256 BC,-256.0,Philadelphia,grc,"ἔτους κθ , Τῦβι β . ἔχει Ἀλέξ ανδρος Δρόμω νος εἰ ς ξυλοκοπίαν καὶ ἐμ πυρισμὸν ἀρου ρῶν ε ἀν ὰ δραχμὰς β τριώβολον γίνονται δραχμαὶ ιβ τριώβολον . ἔτους κθ , Τῦβι β . ἔχει Ἀλέ ξανδ ρ ος Δρόμωνος εἰς ξυλ οκοπίαν καὶ ἐμπ υ ρισμὸν ἀρο υ ρῶν ε ἀν ὰ δραχμὰς β τριώβολον γίνονται δραχμαὶ ιβ τριώβολον .",,False
p.iand.zen.60,110108,110108,p.iand.zen;;60,p.iand.zen.60,,,,grc,vestiges Θ εοδώ ρου οὗ δέδω κ ε εἰς τὸ ε ἔτος · vestiges Ζήνων ἐν ὧ ι τὸ μναιῆον εἶχεν σλγ διωβολ . ἔτους ϛ Φαμ ε νὼθ ιβ Δοξαί ω ι ρ middot middot ιζ ἄλλας ρ middot middot κδ ἄλλας ξ middot middot κδ ἄλλας middot καὶ Ἡρακλε ώτηι middot τοῦ ἱματι σμ ο ῦ Κ λέω νι π ρόχρησι ν middot καὶ Ἡρακλε ώτηι middot τοῦ παρὰ Νέστου α ρ παιδ οτ ρί βο υ middot Φιλίσκου μ middot Διενυσί ω ι middot Ἀλ ύπ ω ι εἰ ς κιθῶ να κ κϛ,,False
p.iand.zen.61,110109,110109,p.iand.zen;;61,p.iand.zen.61,,,,grc,τούτου εἰς τὰ ἐλαιούργια τ Ἀρκδ,,False
p.iand.zen.62,110110,110110,p.iand.zen;;62,p.iand.zen.62,,,,grc,μη ς μη κ ων ο ς σὺν τω ια τ ῶ ι ἐν Ἡφ αισ τ αδι δι τι κροτῶνος vac. χ κριθῶν vac. Δσκδ,,False
p.iand.zen.63,110111,110111,p.iand.zen;;63,p.iand.zen.63,,,,grc,𐅵 χ οίνικ ϛ β 𐅵 χ οινικ εἰς τὸ αὐτὸ ἀρ ταβ γ δ χ οίνικ ϛ 𐅵 ἔ χει ἀγοραστοῦ ἀρ ταβ β ἀφ᾽ ὧν καὶ Δάμει τῶι παρὰ προ σ γεγενημένωι χ οῖνικ α γίνονται χ οίνικ α 𐅵 γίνονται γίνονται θ 𐅵,,False
p.iand.zen.64,110112,110112,p.iand.zen;;64,p.iand.zen.64,,,,grc,κριθὴν κρειθὴν τοῖς προσάξουσ ιν τ ὸν σιτοβολῶν α Ποεσενθευ κομ ι Πα νερεῦτι ἀρου ρ ρ δραχμ α ὀβολ 4 καὶ κλι Κυνίσκο ἐρ γάταις ουσιν οἱ οἰκ υ ἀπο τ χωρὶς τ ῶν Ἡδύλου α τρου ϙγ ὀβολ τ ου θ ὀβολ 2 ὀβολ 1/2 η ὀβολ 4,,False
p.iand.zen.65,110113,110113,p.iand.zen;;65,p.iand.zen.65,,,,grc,τ ου κ κ ράτει α πυροῦ οὗ κ εις ωσαν π ε κβ ωνι σιτ ομ ετρη πυροῦ Συρίο υ ράνει εἰς σπέ ρμα πυ ροῦ πυ ροῦ επι κ,,False
p.iand.zen.66,110114,110114,p.iand.zen;;66,p.iand.zen.66,,,,grc,α 𐅵 α 𐅵 α 𐅵 ἀρ τάβη πυ ροῦ α 𐅵 α 𐅵 α 𐅵 α 𐅵 α 𐅵 α 𐅵,,False
p.iand.zen.67,110115,110115,p.iand.zen;;67,p.iand.zen.67,,,,grc,Κρότωι Κιλικᾶι Ἄγρωνι γίνεται αρ χ γ 𐅵 τῆι κυνί Ευ Αρ π του ἐλάσσ ω χ οινικ ι νι ωι ι ωι ἔλασσον χ δ Ἀρτεμ Μίδαι Ἀπολ λ γίνεται αρ χ Κι λικᾶι τ γίνεται Μ ηνοδώ ρωι Δημη τ ρίωι κ γίνεται αρ χ δ ιππο ς Γλ α υκίας Κλ άδος γίνεται αρ χ ια ἐλάσσ ω χ Π λάτων Ἀ κά μαντι Κ τήσωνι απο ε νωι ωι Δρό μωνι Σ αρανι ωνι Νι κασίωνι Ἡ ρα κλίδηι γίνεται αρ χ ιζ ἐλ άσ σω Κ τήσωνι Ἀ σκληπιά δ ηι Κ ε φάλων ι Δ ρόμωνι γίνεται αρ χ δ Δ ωρόθεος α ρχος λ γίνεται αρ χ β,,False
p.iand.zen.68,110116,110116,p.iand.zen;;68,p.iand.zen.68,,,,grc,παρὰ τοῦ ζυτοποιοῦ δραχμαὶ ξ μισθὸν τῶν Ἑρμογένει ε ἰ ς χά ρακ α ς τὰ ς ι ἀνὰ δραχμὰς ⟦ ἀρου ρ ι ⟧ χωρὶς ὧν ἔχει πρότερον δραχμῶν κε Εὐεμπόλωι εἰς τὸν βοτανισμὸν των ἀμπέλ ου τὰ λοιπ ὰ Εὐεμπόλωι ἔχ εις τὴν τα τα φρ είαν τοῦ Ἀνδρο αν ἀ μ πελῶν ος τ άφρ ω ν τῶν ἀπὸ βορρᾶ εἰ ς νότον ὡς τοῦ σχοινίου διώβολον γίνεται ἀνὰ σχοινία ε καὶ ἀπὸ ἀπὸ ἀ πη λ ιώ του π ρὸς λίβ α σχοιν ι μισθοῦ τ ν λογησον καὶ Ἀπολλώνιος vestiges ἀ φʼ ὧν ἔ χουσιν Ζ ήνωνι εἰς Φιλα δέ λφειαν,,False
p.iand.zen.69,110117,110117,p.iand.zen;;69,p.iand.zen.69,,,,grc,vestiges γ εἰς ἄλλα ε τὰ ἀροτριῶν τ α ἐ ν τῶι ἀμ πελῶνι τῶι ἐν τῆ ι ὑφάμμωι πεντώβολον δ ζεύ γεσιν ε τὰ ἀροτριῶντα ἐν τῶι ἀμπελῶνι τῶι ἐν τῆι ὑφάμμωι πεντώβολον ϛ ζεύ γεσιν ζ τοῖς ἀροτριῶσι ἐν τῶι ἀμπελῶνι τῶι ἐν τῆ ι ὑφάμμωι διώβολον διώβολον διώβολον διώβολον διώβολον διώβολον,,False
p.iand.zen.7,2481,2481,p.iand.zen;;7,p.iand.zen.7,256 BC,-256.0,Philadelphia,grc,"ἔτους κθ , Τῦβι ι ζ . ἔχει Ὀννῶ φρις Ἁραπ άτ ιος εἰς βο τανισμὸν δραχμὰς δ . ἔτους κθ , Τῦβι ι ζ . ἔχει Ὀν νῶφρις Ἁρ απ άτιος εἰς βοτα ν ισ μ ὸν ἧς ἔ χει γῆς δραχμὰς δ .",,False
p.iand.zen.70,110118,110118,p.iand.zen;;70,p.iand.zen.70,,,,grc,ζ γ πο ιε η 𐅵 δ 𐅵 vestiges φ ε ν ι ε αὐτόχρους δ λευκὸς α μν ᾶς ιβ 𐅵 νβ 𐅷 β 𐅵 τάλ αντον α μν ᾶς δ 𐅵 δ αθης μν ᾶς μν ᾶς ἀφ’ ὧν ἐπρα ξ,,False
p.iand.zen.71,110119,110119,p.iand.zen;;71,p.iand.zen.71,,,,grc,καὶ χαλ κ τῶν θ κτ ἀ πὸ τρα π έζης ἀ πὸ τρα π έζης Νι κ άνωρ εω νι εἰς τ α εἰ ς τὰ ἱμάτ ια ν α ἀγορασθ το μ ων ἐπὶ διέδρ ιον αγεια ε ἰς τὸ τ ε τ ουσ ἔχ ει ἀπὸ τραπέζ ης ητε ει ε ἀπὸ τοῦ των,,False
p.iand.zen.72,110120,110120,p.iand.zen;;72,p.iand.zen.72,,,,grc,τι δραχμ δ τοῖς παισὶν εἰς τὰ ἐπιτήδεια ἐπιτήδεα δραχμ δ καὶ Κρό κ τ ωι δραχμ ρ καὶ Ζήνωνι δραχμ μ γίνονται δραχμαὶ σλ vestig,,False
p.iand.zen.73,110121,110121,p.iand.zen;;73,p.iand.zen.73,,,,grc,δ γίνονται διώβολον πεντώβολον χα λκοῦς δραχμ ν Χοιὰχ δραχμ θ ε π ροσοφειλομ ε δραχμ π,,False
p.iand.zen.74,110122,110122,p.iand.zen;;74,p.iand.zen.74,,,,grc,vestiges κ η απολ υ κε λογ διὰ Λιμναίου Φ α ῶφι δραχμ μ λ ου διὰ Σατύρου Ἁθὺρ δραχμ η κ,,False
p.iand.zen.75,110123,110123,p.iand.zen;;75,p.iand.zen.75,,,,grc,λ α διώβολον γ γίνονται δραχμαὶ γ διώβολον βουσι δραχμ ι κ α θόλου δραχμ ι γίνονται δραχμαὶ κ δραχμ ι γίνονται δραχμαὶ λ ξζ πεντώβολον,,False
p.iand.zen.76,110124,110124,p.iand.zen;;76,p.iand.zen.76,,,,grc,λοιπ ἀβροχ Στάχυι φ ἐπʼ ἀρίστωι ζ ὑ πὲ ρ αὐτοῦ φόρετρα σχε εἰς τὰ Ἀπολλ ωνίου ῥοαὶ τ βαλανεῖ Ἀρτ ε μ,,False
p.iand.zen.77,110125,110125,p.iand.zen;;77,p.iand.zen.77,,,,grc,πρὸς Πάσιν Πάσειν πα ὠφείλησεν ὠφίλεσεν του ριου,To Pasis [...] owed ...,True
p.iand.zen.78,110126,110126,p.iand.zen;;78,p.iand.zen.78,,,,grc,ησ ο ον α αααα τέ ταρτον ο ς ν ς λα αλ 11- τε ταρτον ο χαν τριώβολον ερτος ληγο εν ὄβολὸς τέ ταρτον Ζή ν ωνι Ἁ ρμοδίοι βα λανεῖ ν ἡμιωβέλιον ὄβολὸς ἡμιωβέλιον δραχμαὶ β ὄβολὸς ἡμιωβέλιον χ αλκοῦς,,False
p.iand.zen.79,110127,110127,p.iand.zen;;79,p.iand.zen.79,,,,grc,το ρ καὶ ὄνος εξα καὶ ρ εἰς π υ ρὸν τη ν,,False
p.iand.zen.8,1891,1891,p.iand.zen;;8,p.iand.zen.8,256 BC,-256.0,Philadelphia,grc,ἔτους κθ Τῦβι κ . ἔχει Θέων Πρωτάρ χου εἰς κίκιος φυ τείαν ἀρουρῶν πέντε δραχμὰς δύο τριώβολο ν . ἔτους κθ Τ ῦβι κ . ἔχει Θέων Πρωτάρχου εἰς κίκιος φυ τεί αν ἀρουρῶν πέντε δραχμὰς δύο τριώ βολον .,,False
p.iand.zen.80,110128,110128,p.iand.zen;;80,p.iand.zen.80,,,,grc,vestiges κ αὶ ὥστε ὠλενοστρόφ οι ς ιϛ στυ ε vestiges οἰκοδόμ οις Φα μ ενὼ θ ι στ υ,,False
p.iand.zen.81,110129,110129,p.iand.zen;;81,p.iand.zen.81,,,,grc,Ἐφάρ μοστος Νικάν ωρ Ἀλέ ξανδρο ς Μ ένων Φιλ ώτας Διόδ οτος νος Ἀπ ολλόδ ππος Εὐφ ρ άνω ρ,,False
p.iand.zen.82,110130,110130,p.iand.zen;;82,p.iand.zen.82,,,,grc,τόν Νισύριον vestiges τῶι Νεχθενίβιος υἱῶι Μενεμάχω ι περ α τοῖς ὑπη ρέ ταις τῶι Νισυρ ίωι Ζηνοδώρωι Δημητρί ο υ Νικάνδρωι Δεξιλά ωι Σιμύλωι ἀδελφῶι Θεοδώρωι Ἰάσ ω νι κ ηρ ν ι Ἀπολλωνίωι ϛ Ἡρακλείδει Θώρακι τῶι καὶ Ἀντιλέ οντι λ τωι τῶι παρὰ Σωσ,,False
p.iand.zen.9,110063,110063,p.iand.zen;;9,p.iand.zen.9,,,,grc,ε ο ήσαντες α χος ὅτι τ α χος ε ἰς π λοῖον κ α τιο ν ων ἀ δ ελφῶν Ἀπ ελλαίου ιγ Χοιὰχ β πυ ρ χλωροῦ,,False
